Average Seek Time,Battery Capacity,Bus Speed,Cable Length,Cache Memory,Clock Speed,Data Transfer Rate,Height,Input,Length,Memory,Memory Speed,Memory Type,Output Voltage,Power Supply,Price,Reading Speed,Rotational Speed,Screen Size,Storage Capacity,Warranty,Weight,Width,Writing Speed,Resolution
15 ms,10400 mAh,400 MHz,0.44 m,128 MB,0.45 GHz,480 Mbps,2.23 mm,100--240V,0.01 cm,16 gb RAM,100MHz,SODIMM,3.3V,700  W,10 €,8 Mbps,5400 rpm,23 inch,0.001  TB,Lifetime,9.00 g,2.54 mm,2 Mbps,Up to 600 x 2
8.2 ms,10400 mAh,667 MHz,1.7 m,12 MB,3.6 GHz,5000 Mbps,2.38 mm,50-60Hz,0.02 cm,4 gb RAM,1066 MHz,SDRAM,12V,180 W,20 €,30 Mbps,7200 rpm,13.3 inch ,1 TB,1 year,9.07 g,9.50 mm,8 Mbps,400 dpi
3.5 ms,11560 mAh,1,4.57 m,15 MB,2.00 GHz,200 Mbps,2.54 mm,100-240V ~1.2-0.6A,0.03 cm,12 gb RAM,1333 MHz,DDR2 SDRAM,25 A 5 V,135 W,30 €,22 Mbps,10000 rpm,28 inch,1.2 TB,Limited 2 year,10.00 g,10.16 mm,5 Mbps,8.0MP / Video: 1920 x 1080p30 fps
4.1 ms,1200 mAh,000 MHz,4,16 MB,3.4 GHz,20000 Mbps,3.73 mm,50/60Hz,0.04 cm,32 gb RAM,1600 MHz,DDR2 (PC2-6400), 3.3 V, 1125 W,40 €,480 Mbps,15000 rpm,27 inch,1.5 TB,6 Months,10.40 g,12.10 mm,5 Mbps,8.0MP / Video: 1920 x 1080p
3.4 ms,12000 mAh,533 MHz,572 m,16 MB L3 Cache,0.797 GHz,6000 Mbps ,3.8 mm,10 -18V DC,0.08 cm,64 gb RAM,1866 MHz,DDR4 (PC4-24000),5 V,65 W,50 €,6 Mbps,,10.5 inch,1.6 TB,3 Months Warranty,11.00 g,12.70 mm,8 Mbps,5080 lpi
10 ms,13000 mAh,6,144.5768 m,1M,2.0 GHz,256 Mbps ,3.98 mm,100-240V ~1.5A,0.12 cm,16 GB RAM,200MHz,DDR4 ECC Registered, 15V,45 W,60 €,22 Mbps,,7.9 inch,1.61 TB,2 Years,11.06 g,15.24 mm,7.5 Mbps,1366 x 768p
3.6 ms,18000 mAh,670 MHz,1.44 m,1 MB Integrated Level 2 Cache,0.35 GHz,80 Mbps ,4.55 mm,50/60Hz,0.24 cm,8 GB RAM,2133 MHz,GDDR5X,16V,33 W,70 €,14 Mbps,,15.4 inch,1.6 TB,72 months,11.30 g,17.78 mm,4 Mbps,1024*600 IPS
7.5 ms,2200 mAh,1,0.127 m,1 MB Integrated Level 2 Cache per Core,2.50 GHz,3072 Mbps,5.08 mm,100-240V ~1.8-0.6A,0.28 cm,3 Gb RAM,2400 MHz,DDR3LSDRAM,18.5V,87 W,80 €,15 Mbps,,12.9 inch,1.8 TB,5 Years Warranty,11.34 g,18.00 mm,480 Mbps,1600DPI
8 ms,2200 mAh,333 MHz,0.2 m,1 MB L2 cache,2.93 GHz,3000 Mbps,5.5 mm,50/60Hz,0.35 cm,8 GB RAM,266 MHz,DDR4SDRAM,19.5V,120 W,90 €,16 Mbps,,7 inch,2 TB,7 Year,11.91 g,19.85 mm,5 Mbps,1920 x 1080 @ 120 Hz
14 ms,2200 mAH,800 MHz,2 m,1 MB Level 2,2.60 GHz,150 Mbps ,6.8 mm,100-240 V,0.39 cm,2 GB RAM,2800 MHz,PC2700 DDR,20V,180 W,100 €,3 Mbps,,24 inch,10 TB,5 year manufacturer warranty,12.00 g,20.32 mm,6 Mbps,1400 x 1050 pixels
7.4 ms,2200 mAh,512 MHz,3 m,1x4 MB Level 2 cache memory,2.90 GHz,160 Mbps,7 mm,1.8 A,0.47 cm,0.512 GB RAM,333MHz,DDR4 (PC4-27200),22V,150 W,110 €,12 Mbps,,12 inch,10 x 0.4 TB,3 Years Product Warranty,12.40 g,22.00 mm,3 Mbps,Up to 600 x 600 dpi
12 ms,2400 mAh,1,0.40 m,24 MB,3.80 GHz,40 Mbps ,7.62 mm,50 / 60 Hz,0.51 cm,,400 MHz,DDR4 (PC4-28800),,240 W,120 €,14 Mbps,,22 inch,10 x 0.45 TB,Advance Replacement,12.63 g,22.86 mm,4 Mbps,2560 x 1440 maximum
8.7 ms,9600 mAh,600 MHz,10.0,24 MB Level 2 Cache,0.003 GHz,10600 Mbps,8.9 mm,DC 5V 1A(Max),0.55 cm,,533 MHz,DDR2,,130 W,130 €,21 Mbps,,20 inch,10 x 0.6 TB,Limited Lifetime Warranty,13.00 g,25.40 mm,8 Mbps,800/1600DPI
11 ms,5200 mAh,100 MHz,3.0 m,256 MB,3.73 GHz,1000 Mbps,9.5 mm,AC100-240V,0.59 cm,,667 MHz,DDR4 SO-DIMM,,150 W,200 €,13 Mbps,,24 inch,1 TB,Equipment Protection Policy,13.04 g,27.00 mm,2 Mbps,1000 DPI
8 ms,5200 mAh,800 MHz,0.254 m,256 MB,3.33 GHz,1200 Mbps,9.906 mm,AC 100V-240V 50-60Hz,0.67 cm,,800 MHz,DDR3,,230 W,2,14 Mbps,,23 inch,0.1 TB,10 Years,13.89 g,27.80 mm,9 Mbps,Up to 1
2 ms,5200 MAH,100 MHz,30.48 m,2 MB Integrated Level 3,0.733 GHz,100 Mbps,10 mm,1.5A,0.83 cm,,900 MHz,DDR3 (PC3-12800),,600 W,000 €,12 Mbps,,34 inch,0.001024 TB,Hardware Manufacturer Warranty,14.00 g,27.94 mm,175 Mbps,200 x 600 dpi with Automatic Image Refinement
2.6 ms,5200 mAh,667 MHz,0.5 m,2 MB L2 cache,2.60 GHz,100000 Mbps,10.16 mm,100-240V ~2A,0.87 cm,,,DDR4 (PC4-19200),,200 W,1,3 Mbps,,10 inch,0.012 TB,International warranty,14.18 g,30.12 mm,9 Mbps,DVI Max Resolution 2560x1600
8.9 ms,5200 mAH,133 MHz,4.83 m,2 MB L3 cache,3.3 GHz,110000 Mbps,10.414 mm,50/60Hz,0.91 cm,,,DDR3 SDRAM - DIMM 240-pin,,150 W,000 €,20 Mbps,,11.6 inch,12 TB,advanced technical support,15.00 g,30.48 mm,16 Mbps,Digital Max Resolution 2560x1600
9 ms,5200 mAh,3,5 m,2 MB Level 2,0.8 GHz,1000000 Mbps,11.176 mm,100-240V~2.0A,0.94 cm,,,DDR3 SO-DIMM,,250  W,29.99 €,175 Mbps,,19 inch,12 x 8  TB,technical support,15.03 g,30.75 mm,20 Mbps,2
12 ms,5400 mAh,200 MHz,0.127 m,2x2 MB Level 2 cache,3.8 GHz,0.144 Mbps,11.4 mm,50 / 60Hz,0.98 cm,,,PC2-5300 DIMMs DDR2-667,,90 W,39.99 €,12 Mbps,,27 inch,0.12 TB,replacement option,15.88 g,31.20 mm,6 Mbps,560x1
4.9 ms,5600 mAh, 1,1.651 m,2x4 MB Level 2 cache,2 GHz,0.005 Mbps,12 mm,100-240V,1.06 cm,,,DDR4 (PC4-21300),,220  W,49.99 €,21 Mbps,,10.1 inch,1.2 TB,Satisfaction Guarantee,16.00 g,33.02 mm,,440 pixels
9.5 ms,5800 mAh,066 MHz,2.01 m,32 MB,0.08 GHz,0.144 Mbps,12.7 mm,1.5A,1.1 cm,,,GDDR3,,210  W,125 €,10 Mbps,,21.5 inch,0.128 TB,Phone consulting,17.00 g,35.00 mm,,1366 x 768
8.5 ms,6600 mAh,533 MHz,0.1524 m,32 MB DRAM,2.1 GHz,,13.462 mm,50/60Hz,1.14 cm,,,DDR3L SDRAM - SO-DIMM 204-pin,,800 W,135 €,12 Mbps,,8 inch,0.000128 TB,Advanced Replacement,17.01 g,38.10 mm,,300 x 300 dpi
7.6 ms,2600 mAh,66 MHz,38.989 m,48 MB,3.33 GHz,,13.8 mm,100-240V,1.18 cm,,,PC2-3200 DDR2,,90 W,95 €,,,7 inch,0.146  TB,,18.00 g,40.00 mm,,Up to 600 x 600dpi
4 ms),8800 mAh,450 MHz,0.5 m,4 MB,3.16 GHz,,15 mm,1.5A,1.22 cm,,,DDR2 SO-DIMM,,,140 €,,,21.5 inch,0.1468 TB,,18.14 g,40.64 mm,,1600 x 900
,4400 mah,555 MHz,3 m,4 MB L2,1.4 GHz,,15.24 mm,100-240VAC 0.5A 50-60Hz,1.34 cm,,,,,,150 €,,,22 inch,0.146 TB,,18.99 g,43.18 mm,,1680 x 1050 pixels
,7200 mAh,620 MHz,3.6576 m,4 MB L2 Cache,2.9 GHz,,16 mm,100-240V ~1.0-0.6A,1.38 cm,,,DDR4 SDRAM - SO-DIMM 260-pin,,,1,,,15.6 inch,0.147 TB,,19.00 g,43.50 mm,,Up to 9
,4800 mAh,150 MHz,1.2 m,4 MB L3 Cache,0.008 GHz,,16.764 mm,50/60Hz,1.57 cm,,,LPDDR3SDRAM,,,500 €,,,14 inch,0.014 TB,,19.85 g,44.96 mm,,600 x 2
,30000 mAh,460 MHz,1.0 m,4 MB L3 cache - Advanced Transfer Cache,2.26 GHz,,17.78 mm,100-240V~2.5A,2.05 cm,,,Fully Buffered Dimm,,,24.00 €,,,9.7 inch,1.5 TB,,20.00 g,45.72 mm,,400 dpi
,7800 mAh,880 MHz,2.1336 m,512 KB L2 cache - Advanced Transfer,1.26 GHz,,18 mm,50 / 60Hz,2.09 cm,,,DDR3 ECC,,,99.99 €,,,10.1 inch,0.016 TB,,20.13 g,46.00 mm,,2048*1536 IPS
,,900 MHz,0.3 m,512 MB,3.5 GHz,,19 mm,100-240V~1.8-0.6A,2.32 cm,,,DDR4 PC4-19200,,,69.99 €,,,23.6 inch,16 TB,,20.98 g,48.26 mm,,1920 x 1080
,,950 MHz,1 m,512 MB,1.90 GHz,,19.87 mm,50 / 60Hz,2.36 cm,,,DDR4 PC4-21300,,,,,,,16  TB,,21.00 g,50.80 mm,,7680\u2009√ó\u20094320 @ 60Hz (Digital)1
,,1,1.45 m,512 MB Read/Write,3.00 GHz,,19.99 mm,100-240V ~1.8A,2.6 cm,,,DDR4,,,,,,,16  TB,,21.30 g,52.00 mm,,1280x800 (WXGA)
,,050 MHz,145.0086 m,64 MB,1.80 GHz,,20 mm,50/60Hz,2.76 cm,,,DDR,,,,,,,0.16 TB,,21.55 g,53.00 mm,,1600 x 900 native
,,1,0.3048 m,8 MB L3 cache - Advanced Transfer Cache,2.6 GHz,,20.17 mm,DC 5V / 500MA,3.07 cm,,,DDR3L SO-DIMM,,,,,,,16GB,,22.00 g,53.34 mm,,600x600 dpi
,,100 MHz,1.83 m,8 MB,3.40 GHz,,20.32 mm,12-24V DC,3.95 cm,,,DDR4 SDRAM,,,,,,,0.016 TB,,22.11 g,53.40 mm,,Up to 4
,,1,0.02 m,8 MB L3 Cache,4.20 GHz,,20.4 mm,100-240V ~1A,4.13 cm,,,PC2100 DDR,,,,,,,0.016 TB,,22.60 g,54.00 mm,,800 x 1
,,200 MHz,1.8 m,ECC Protection,2.66 GHz,,22.86 mm,50/60Hz,6.5 cm,,,DDR4 (PC4-17000),,,,,,,0.016 TB,,22.68 g,55.88 mm,,200 dpi
,,80 MHz,2.0 m,Integrated 2 MB Level 2 Cache,2 GHz,,23 mm,AC 100-240V 50-60Hz,6.86 cm,,,Not specified by Manufacturer,,,,,,,0.016 TB,,22.96 g,56.80 mm,,Up to 1
,,50 MHz,16.4 m,Integrated 2 MB Level 2 Cache,2.67 GHz,,24.13 mm,DC12-24V,7.09 cm,,,DDR4 (PC4-27700),,,,,,,0.032 TB,,23.00 g,58.42 mm,,200 x 2
,,55 MHz,5.0 m, L2 Advanced Smart Cache - 4 MB,1.73 GHz,,25.4 mm,100-240V ~1.2A,7.3 cm,,,DDR3L,,,,,,,0.064 TB,,23.50 g,60.00 mm,,400 dpi
,,200 MHz,1.5 m,L3 2 MB,1.5 GHz,,26.1 mm,50/60Hz,10.02 cm,,,DDR3 (PC3-10600),,,,,,,0.016 TB,,24.00 g,60.96 mm,,320*240 (Pixel)
,,,1.8 m,,2.20 GHz,,26.11 mm,230V AC - 50 / 60 Hz.,10.04 cm,,,DDR SDRAM,,,,,,,0.000016 TB,,24.10 g,61.08 mm,,Optimal: 1600 x 900
,,,119.9896 m,,3.50 GHz,,26.5 mm,100-240V,10.2 cm,,,DDR4 PC4-24000,,,,,,,18.2GB,,24.95 g,62.00 mm,,5.0MP
,,,2.4 m,,2.40 GHz,,27.94 mm,2.5A,14.7 cm,,,DDR3 (PC3-19200),,,,,,,0.0182 TB,,25.00 g,62.30 mm,,854 x 480
,,,3.048 m,,2.83 GHz,,28 mm,50/60 HZ,15 cm,,,Support DDR3,,,,,,,0.18 TB,,25.90 g,63.50 mm,,2
,,,142.0114 m,,2.0,,28.5 mm,100-240V ~1.0A,15.5 cm,,,EEPROM,,,,,,,,,26.00 g,63.70 mm,,400dpi (2
,,,4.2672 m,,2.13 GHz,,30 mm,50/60Hz,17.5 cm,,,non-volatile memory (X-keys retains memory for over 200 years),,,,,,,0.018 TB,,26.08 g,66.00 mm,,400 x 600dpi)
,,,0.9 m,,2.4 GHz,,30.48 mm,100-240V~3.0A,17.98 cm,,,DDR4 SDRAM - LRDIMM 288-pin,,,,,,,0.001 TB,,27.00 g,66.04 mm,,600 x 600dpi
,,,0.9144 m,,0.45 GHz,,32 mm,50 / 60Hz,20 cm,,,DDR4 RDIMM,,,,,,,1 TB,,27.21 g,68.00 mm,,500-1500-2000-3500 DPI
,,,1.20 m,,2.40 GHz,,33 mm,AC 100-240V,25.5 cm,,,GDDR5,,,,,,,1 TB,,27.75 g,68.58 mm,,1200x1200 - 4-bit
,,,15.0 m,,1.4 GHz,,33.02 mm,100-240V ~ 2.0A,26 cm,,,DDR5,,,,,,,0.002 TB,,28.00 g,69.00 mm,,720p
,,,3.048 m,,3.0 GHz,,33.7 mm,50/60Hz,30 cm,,,DDR SO-DIMM,,,,,,,2 TB,,28.13 g,69.85 mm,,4
,,,150 m,,3.9 GHz,,34.16 mm,100-240V~1.8A,40 cm,,,DDR4 (PC4-25600),,,,,,,0.000064 TB,,28.92 g,71.12 mm,,800 x 600 dpi
,,,0.80 m,,1.80 GHz,,35 mm,50 / 60Hz,45.7 cm,,,DDR3 (PC3-14900),,,,,,,2 TB,,29.00 g,73.00 mm,,2560 x 1600 (digital)
,,,305 m,,2.20 GHz,,35.56 mm,DC 12-24V,45.72 cm,,,DDR4 SDRAM - DIMM 288-pin,,,,,,,2.0  TB,,30.00 g,73.66 mm,,8.0MP / Video: 2560 x 1440p30 fps
,,,0.6096 m,,2.50 GHz,,37 mm,AC 100-240V,50 cm,,,DDR3 SDRAM,,,,,,,0.2  TB,,30.05 g,73.91 mm,,1440 x 900 WXGA+
,,,1.15 m,,1.6 GHz,,37.3 mm,50-60Hz (worldwide use),60 cm,,,,,,,,,,2 TB,,30.10 g,76.00 mm,,DVI Max Resolution 2560x1600
,,,30 m,,3.50 GHz,,37.8 mm,Micro USB Charge 5V,91.44 cm,,,,,,,,,,0.2 TB,,31.00 g,76.20 mm,,600 x 600dpi
,,,14 m,,1.86 GHz,,38.1 mm,100-240V ~2.0A,100 cm,,,,,,,,,,0.02 TB,,32.00 g,78.74 mm,,HQ1200 (2400 x 600dpi)
,,,0.82 m,,3.2 GHz,,40.2 mm,50/60Hz,116 cm,,,,,,,,,,24  TB,,33.00 g,80.10 mm,,2540 dpi
,,,5 m,,1.13 GHz,,40.64 mm,DC 5V 1A,152.4 cm,,,,,,,,,,0.24  TB,,34.87 g,81.28 mm,,HD
,,,10 m,,1.47 GHz,,41.148 mm,100-240 VAC,179.83 cm,,,,,,,,,,0.24 TB,,35.00 g,83.82 mm,,1920*1080 Pixels
,,,0.95 m,,2.2 GHz,,43 mm,50/60 Hz / 1.5 A max,182.88 cm,,,,,,,,,,2.5  TB,,36.00 g,86.36 mm,,1920 x 1200 @ 60 Hz 1920 x 1080 @ 60 Hz 1680 x 1050 @ 60 Hz 1600 x 1200 @ 60 Hz 1440 x 900 @ 60 Hz 1280 x 1024 @ 60 Hz 1280 x 960 @ 60 Hz 1024 x 768 @ 60 Hz 800 x 600 @ 60 Hz 640 x 480 @ 60 Hz
,,,1.32 m,,4.2 GHz,,43.18 mm,100-240V ~2.5A,201.17 cm,,,,,,,,,,0.256 TB,,37.00 g,88.90 mm,,3840 x 2140 @ 120 Hz
,,,3.6576 m,,2.53 GHz,,43.2 mm,50/60Hz,213.36 cm,,,,,,,,,,0.000256 TB,,37.75 g,89.00 mm,,1920 x 1080 Full HD 1080P
,,,3.0 m,,3.10 GHz,,43.688 mm,DC12V-24V,304.8 cm,,,,,,,,,,0.256 TB,,37.99 g,90.00 mm,,1920 x 1080 at 60 Hz
,,,0.5 m,,1.50 GHz,,44 mm,100-240V~1.5A,365.76 cm,,,,,,,,,,0.002 TB,,38.00 g,91.44 mm,,9
,,,1.8288 m,,2.90 GHz,,44.704 mm,50 / 60Hz,457.2 cm,,,,,,,,,,3 TB,,40.00 g,93.98 mm,,600x600dpi
,,,0.5 m,,3.46 GHz,,45.72 mm,100-240V~2A,609.6 cm,,,,,,,,,,3.0  TB,,42.00 g,96.52 mm,,12.0MP / Video: 3840 x 2160p30 fps
,,,2 m,,2.5 GHz,,48.26 mm,50 / 60Hz,762 cm,,,,,,,,,,0.03  TB,,43.00 g,99.06 mm,,8.0MP - Photo: 3264 x 2448 / Video: 1920 x 1080p30 fps
,,,1.5 m,,2.4 GHz,,50.8 mm,AC 100-240V,914.4 cm,,,,,,,,,,0.0000000003  TB,,45.00 g,100.00 mm,,1
,,,10.6 m,,1.6 GHz,,53.34 mm,1 A,1,,,,,,,,,,0.3  TB,,45.35 g,100.45 mm,,200 x 600 dpi
,,,1.5 m,,3.8 GHz,,54 mm,50-60 Hz,219.2 cm,,,,,,,,,,3 TB,,45.36 g,101.60 mm,,Up to 600 x 600dpi (2400 x 600 dpi with Resolution Control)
,,,0.91 m,,0.016 GHz,,54.61 mm,AC 100-240V,1,,,,,,,,,,0.3 TB,,45.40 g,102.00 mm,,8.0MP
,,,1 m,,1.60 GHz,,55 mm,1 A,493.52 cm,,,,,,,,,,0.032  TB,,46.50 g,104.14 mm,,800/1200/2000 DPI
,,,1.524 m,,0.6 GHz,,55.88 mm,50-60 Hz,1,,,,,,,,,,0.32  TB,,47.00 g,105.00 mm,,1
,,,0.30 m,,2.53 GHz,,58.42 mm,AC 100-240V 50 / 60Hz 0.5A,524 cm,,,,,,,,,,0.32  TB,,48.00 g,109.22 mm,,200 x 1
,,,0.600 m,,2.5 GHz,,60 mm,,2,,,,,,,,,,0.32 TB,,48.20 g,110.00 mm,,200 dpi
,,,7 m,,3.30 GHz,,60.96 mm,,286 cm,,,,,,,,,,0.000032 TB,,49.00 g,111.00 mm,,1900x1200
,,,2 m,,2.70 GHz,,61.976 mm,,3,,,,,,,,,,0.035 TB,,49.90 g,111.76 mm,,1920 x 1080
,,,3 m,,3.6 GHz,,62 mm,,048 cm,,,,,,,,,,0.0362 TB,,50.00 g,114.30 mm,,2256 x 1504
,,,,,1.8 GHz,,63.5 mm,,4,,,,,,,,,,0.0364 TB,,51.00 g,116.84 mm,,1024 x 600
,,,,,4.00 GHz,,65.532 mm,,572 cm,,,,,,,,,,0.36  TB,,51.03 g,119.38 mm,,1920 x 1280
,,,,,2.10 GHz,,66.04 mm,,3,,,,,,,,,,0.0369  TB,,52.00 g,120.00 mm,,1920x1080
,,,,,0.016 GHz,,68.58 mm,,0480 cm,,,,,,,,,,0.036 TB,,53.00 g,121.92 mm,,2880 x 1800
,,,,,3.10 GHz,,68.91 mm,,,,,,,,,,,,3 TB,,54.00 g,123.00 mm,,2048 x 1536
,,,,,2.80 GHz,,70 mm,,,,,,,,,,,,3 TB SED,,54.20 g,123.95 mm,,2560 x 1600
,,,,,2.8 GHz,,71.12 mm,,,,,,,,,,,,0.0043 TB,,55.00 g,124.46 mm,,1680x1050
,,,,,3.2 GHz,,73.66 mm,,,,,,,,,,,,0.04  TB,,56.00 g,127.00 mm,,1440 x 900
,,,,,1.9 GHz,,76.2 mm,,,,,,,,,,,,0.4  TB,,57.00 g,129.00 mm,,1280 x 800
,,,,,2.13 GHz,,78.74 mm,,,,,,,,,,,,4 TB,,58.00 g,129.54 mm,,2560 x 1440
,,,,,1.13 GhH,,80 mm,,,,,,,,,,,,0.4 TB,,58.97 g,132.08 mm,,1280 x 800 WXGA HD Resolution
,,,,,0.00266 GHz,,81.28 mm,,,,,,,,,,,,0.04 TB,,59.00 g,134.62 mm,,3840 x 2160
,,,,,2.66 GHz,,83.82 mm,,,,,,,,,,,,0.45  TB,,60.00 g,136.00 mm,,1366 x 768
,,,,,3.20 GHz,,85 mm,,,,,,,,,,,,0.45 TB,,61.00 g,137.16 mm,,1680 x 1050
,,,,,3.60 GHz,,86.36 mm,,,,,,,,,,,,0.00045 TB,,62.00 g,139.70 mm,,2736 x 1824
,,,,,1.60 GHz,,88.9 mm,,,,,,,,,,,,0.048  TB,,62.40 g,140.00 mm,,1600 x 900
,,,,,3.4 GHz,,91.44 mm,,,,,,,,,,,,48  TB,,65.00 g,142.00 mm,,3200 x 1800
,,,,,0.4 GHz,,94 mm,,,,,,,,,,,,0.48  TB,,66.00 g,142.24 mm,,1280 x 800 (WXGA)
,,,,,3.60 GHz,,99.06 mm,,,,,,,,,,,,0.48- TB,,67.00 g,144.00 mm,,1920 x 1200
,,,,,3.06 GHz,,100 mm,,,,,,,,,,,,0.00000048 TB,,68.00 g,144.78 mm,,
,,,,,0.032 GHz,,101.6 mm,,,,,,,,,,,,0.004 TB,,69.00 g,149.86 mm,,
,,,,,2.30 GHz,,104.14 mm,,,,,,,,,,,,0.004 TB,,70.00 g,150.00 mm,,
,,,,,3.20 GHz,,106.68 mm,,,,,,,,,,,,0.004 TB,,71.00 g,151.00 mm,,
,,,,,1.50 GHz,,111.5 mm,,,,,,,,,,,,0.004 TB,,72.00 g,152.40 mm,,
,,,,,2.26 GHz,,111.76 mm,,,,,,,,,,,,0.004 TB,,73.00 g,154.94 mm,,
,,,,,3.7 GHz,,114.3 mm,,,,,,,,,,,,0.004 TB,,73.99 g,157.48 mm,,
,,,,,2.3 GHz,,116.84 mm,,,,,,,,,,,,0.004 TB,,75.00 g,160.00 mm,,
,,,,,3.3 GHz,,119.38 mm,,,,,,,,,,,,0.004 TB,,76.00 g,160.02 mm,,
,,,,,0.667 GHz,,121.92 mm,,,,,,,,,,,,4 TB,,77.00 g,162.56 mm,,
,,,,,0.3 GHz,,124.46 mm,,,,,,,,,,,,4 TB,,80.00 g,164.00 mm,,
,,,,,2.70 GHz,,127 mm,,,,,,,,,,,,5  TB,,81.00 g,165.10 mm,,
,,,,,2.8 GHz,,129.54 mm,,,,,,,,,,,,5 x 0.4 TB,,83.20 g,167.64 mm,,
,,,,,1 GHz,,132.08 mm,,,,,,,,,,,,0.5 TB,,83.30 g,168.80 mm,,
,,,,, 1.05 GHz ,,134.62 mm,,,,,,,,,,,,0.05 TB,,84.00 g,170.18 mm,,
,,,,,2.7 GHz,,135 mm,,,,,,,,,,,,0.000000000512  TB,,85.00 g,172.72 mm,,
,,,,,3.30 GHz,,137.16 mm,,,,,,,,,,,,0.512 TB,,85.05 g,175.26 mm,,
,,,,,3.66 GHz,,139.7 mm,,,,,,,,,,,,0.000512  TB,,86.00 g,177.80 mm,,
,,,,,0.5 GHz,,147.32 mm,,,,,,,,,,,,0.512 TB,,86.20 g,180.00 mm,,
,,,,,3 GHz,,149.86 mm,,,,,,,,,,,,0.000512 TB,,87.00 g,180.34 mm,,
,,,,,2.10 GHz,,152.4 mm,,,,,,,,,,,,5 TB,,88.00 g,182.88 mm,,
,,,,,4 GHz,,154.94 mm,,,,,,,,,,,,6  TB,,89.00 g,186.00 mm,,
,,,,,3 GHz,,157.48 mm,,,,,,,,,,,,6  TB,,90.00 g,187.96 mm,,
,,,,,3.70 GHz,,158.75 mm,,,,,,,,,,,,0.06 TB,,90.70 g,189.00 mm,,
,,,,,1.7 GHz,,160.02 mm,,,,,,,,,,,,0.6 TB,,90.71 g,189.74 mm,,
,,,,,0.866 GHz,,165.1 mm,,,,,,,,,,,,6  TB,,90.72 g,190.00 mm,,
,,,,,3.80 GHz,,170.18 mm,,,,,,,,,,,,0.000064  TB,,90.90 g,190.50 mm,,
,,,,,4.00 GHz,,177.8 mm,,,,,,,,,,,,0.064 TB,,93.00 g,192.00 mm,,
,,,,,2.33 GHz,,180.34 mm,,,,,,,,,,,,0.000064 TB,,94.00 g,193.04 mm,,
,,,,,0.366 GHz,,181.67 mm,,,,,,,,,,,,0.006 TB,,95.00 g,194.50 mm,,
,,,,,4.0 GHz,,185 mm,,,,,,,,,,,,6 TB,,96.00 g,195.00 mm,,
,,,,,4.3 GHz,,185.42 mm,,,,,,,,,,,,7000 TB,,97.00 g,195.10 mm,,
,,,,,3.1 GHz,,200.66 mm,,,,,,,,,,,,0.0728 TB,,98.00 g,195.50 mm,,
,,,,,2.80 GHz,,202.8 mm,,,,,,,,,,,,0.0000728 TB,,98.90 g,198.00 mm,,
,,,,,2.90 GHz,,203.2 mm,,,,,,,,,,,, 0.072 TB,,99.00 g,198.12 mm,,
,,,,,3.40 GHz,,205.74 mm,,,,,,,,,,,,0.0734 TB,,100.00 g,200.00 mm,,
,,,,,2.05 GHz,,208.28 mm,,,,,,,,,,,,73000,,100.08 g,200.66 mm,,
,,,,,4.1 GHz,,210 mm,,,,,,,,,,,,0.0734  TB,,101.00 g,201.17 mm,,
,,,,,3 GHz,,210.82 mm,,,,,,,,,,,,0.073 TB,,102.00 g,203.20 mm,,
,,,,,,,213.36 mm,,,,,,,,,,,,0.074 TB,,103.00 g,205.74 mm,,
,,,,,,,219.3 mm,,,,,,,,,,,,0.75  TB,,104.00 g,215.90 mm,,
,,,,,,,223.52 mm,,,,,,,,,,,,0.75 TB,,105.00 g,216.00 mm,,
,,,,,,,231.14 mm,,,,,,,,,,,,8  TB,,106.00 g,218.44 mm,,
,,,,,,,236.22 mm,,,,,,,,,,,,0.08 TB,,107.00 g,220.98 mm,,
,,,,,,,242.824 mm,,,,,,,,,,,,0.008 TB,,108.00 g,223.52 mm,,
,,,,,,,245 mm,,,,,,,,,,,,0.008 TB,,109.00 g,224.00 mm,,
,,,,,,,247 mm,,,,,,,,,,,,8 TB,,110.00 g,228.60 mm,,
,,,,,,,248.92 mm,,,,,,,,,,,,0.0091 TB,,111.00 g,231.14 mm,,
,,,,,,,249.7 mm,,,,,,,,,,,,0.9 TB,,112.00 g,233.68 mm,,
,,,,,,,254 mm,,,,,,,,,,,,0.96 TB,,113.00 g,234.00 mm,,
,,,,,,,260 mm,,,,,,,,,,,,0.009 TB,,113.40 g,236.22 mm,,
,,,,,,,264.16 mm,,,,,,,,,,,,,,114.00 g,238.76 mm,,
,,,,,,,266.7 mm,,,,,,,,,,,,,,115.00 g,241.30 mm,,
,,,,,,,281.94 mm,,,,,,,,,,,,,,116.00 g,250.00 mm,,
,,,,,,,284.4 mm,,,,,,,,,,,,,,116.20 g,254.00 mm,,
,,,,,,,289.56 mm,,,,,,,,,,,,,,117.00 g,256.10 mm,,
,,,,,,,299 mm,,,,,,,,,,,,,,118.00 g,260.00 mm,,
,,,,,,,304.8 mm,,,,,,,,,,,,,,119.00 g,260.10 mm,,
,,,,,,,305 mm,,,,,,,,,,,,,,120.00 g,264.16 mm,,
,,,,,,,307.34 mm,,,,,,,,,,,,,,121.00 g,276.86 mm,,
,,,,,,,313 mm,,,,,,,,,,,,,,121.90 g,279.40 mm,,
,,,,,,,317.5 mm,,,,,,,,,,,,,,122.00 g,285.00 mm,,
,,,,,,,318 mm,,,,,,,,,,,,,,122.50 g,287.00 mm,,
,,,,,,,330.2 mm,,,,,,,,,,,,,,123.00 g,290.47 mm,,
,,,,,,,332.74 mm,,,,,,,,,,,,,,124.00 g,292.10 mm,,
,,,,,,,336.1 mm,,,,,,,,,,,,,,125.00 g,294.64 mm,,
,,,,,,,340 mm,,,,,,,,,,,,,,126.00 g,299.72 mm,,
,,,,,,,350 mm,,,,,,,,,,,,,,127.00 g,304.80 mm,,
,,,,,,,363.22 mm,,,,,,,,,,,,,,128.00 g,316.00 mm,,
,,,,,,,370.84 mm,,,,,,,,,,,,,,129.00 g,322.58 mm,,
,,,,,,,380 mm,,,,,,,,,,,,,,130.00 g,325.50 mm,,
,,,,,,,396.9 mm,,,,,,,,,,,,,,132.00 g,330.20 mm,,
,,,,,,,403.2 mm,,,,,,,,,,,,,,133.00 g,347.98 mm,,
,,,,,,,406.4 mm,,,,,,,,,,,,,,134.00 g,350.00 mm,,
,,,,,,,408.94 mm,,,,,,,,,,,,,,135.00 g,355.60 mm,,
,,,,,,,414.02 mm,,,,,,,,,,,,,,136.00 g,368.30 mm,,
,,,,,,,424.18 mm,,,,,,,,,,,,,,137.00 g,381.00 mm,,
,,,,,,,426.72 mm,,,,,,,,,,,,,,138.00 g,383.54 mm,,
,,,,,,,429.26 mm,,,,,,,,,,,,,,138.92 g,403.86 mm,,
,,,,,,,434.34 mm,,,,,,,,,,,,,,139.00 g,406.40 mm,,
,,,,,,,452.12 mm,,,,,,,,,,,,,,140.00 g,408.94 mm,,
,,,,,,,480.06 mm,,,,,,,,,,,,,,141.00 g,414.02 mm,,
,,,,,,,497 mm,,,,,,,,,,,,,,141.70 g,416.56 mm,,
,,,,,,,510 mm,,,,,,,,,,,,,,142.00 g,431.80 mm,,
,,,,,,,515.62 mm,,,,,,,,,,,,,,144.60 g,436.88 mm,,
,,,,,,,548.64 mm,,,,,,,,,,,,,,145.00 g,437.00 mm,,
,,,,,,,551.18 mm,,,,,,,,,,,,,,146.00 g,439.42 mm,,
,,,,,,,588 mm,,,,,,,,,,,,,,147.00 g,441.96 mm,,
,,,,,,,644 mm,,,,,,,,,,,,,,148.00 g,443.20 mm,,
,,,,,,,650.24 mm,,,,,,,,,,,,,,149.00 g,444.50 mm,,
,,,,,,,1,,,,,,,,,,,,,,149.60 g,447.04 mm,,
,,,,,,,135.38 mm,,,,,,,,,,,,,,150.00 g,449.58 mm,,
,,,,,,,1,,,,,,,,,,,,,,150.26 g,452.12 mm,,
,,,,,,,397 mm,,,,,,,,,,,,,,151.00 g,457.20 mm,,
,,,,,,,2,,,,,,,,,,,,,,153.00 g,482.60 mm,,
,,,,,,,000 mm,,,,,,,,,,,,,,154.00 g,485.14 mm,,
,,,,,,,,,,,,,,,,,,,,,155.00 g,533.40 mm,,
,,,,,,,,,,,,,,,,,,,,,155.93 g,622.30 mm,,
,,,,,,,,,,,,,,,,,,,,,156.00 g,657.86 mm,,
,,,,,,,,,,,,,,,,,,,,,157.00 g,,,
,,,,,,,,,,,,,,,,,,,,,158.00 g,,,
,,,,,,,,,,,,,,,,,,,,,158.80 g,,,
,,,,,,,,,,,,,,,,,,,,,159.00 g,,,
,,,,,,,,,,,,,,,,,,,,,160.00 g,,,
,,,,,,,,,,,,,,,,,,,,,161.00 g,,,
,,,,,,,,,,,,,,,,,,,,,162.00 g,,,
,,,,,,,,,,,,,,,,,,,,,163.00 g,,,
,,,,,,,,,,,,,,,,,,,,,164.00 g,,,
,,,,,,,,,,,,,,,,,,,,,165.00 g,,,
,,,,,,,,,,,,,,,,,,,,,167.00 g,,,
,,,,,,,,,,,,,,,,,,,,,170.00 g,,,
,,,,,,,,,,,,,,,,,,,,,170.10 g,,,
,,,,,,,,,,,,,,,,,,,,,171.00 g,,,
,,,,,,,,,,,,,,,,,,,,,172.00 g,,,
,,,,,,,,,,,,,,,,,,,,,173.00 g,,,
,,,,,,,,,,,,,,,,,,,,,174.00 g,,,
,,,,,,,,,,,,,,,,,,,,,175.00 g,,,
,,,,,,,,,,,,,,,,,,,,,176.00 g,,,
,,,,,,,,,,,,,,,,,,,,,177.00 g,,,
,,,,,,,,,,,,,,,,,,,,,178.00 g,,,
,,,,,,,,,,,,,,,,,,,,,180.00 g,,,
,,,,,,,,,,,,,,,,,,,,,180.60 g,,,
,,,,,,,,,,,,,,,,,,,,,181.00 g,,,
,,,,,,,,,,,,,,,,,,,,,181.44 g,,,
,,,,,,,,,,,,,,,,,,,,,182.00 g,,,
,,,,,,,,,,,,,,,,,,,,,182.01 g,,,
,,,,,,,,,,,,,,,,,,,,,182.86 g,,,
,,,,,,,,,,,,,,,,,,,,,183.00 g,,,
,,,,,,,,,,,,,,,,,,,,,185.00 g,,,
,,,,,,,,,,,,,,,,,,,,,186.00 g,,,
,,,,,,,,,,,,,,,,,,,,,187.00 g,,,
,,,,,,,,,,,,,,,,,,,,,188.00 g,,,
,,,,,,,,,,,,,,,,,,,,,189.00 g,,,
,,,,,,,,,,,,,,,,,,,,,190.00 g,,,
,,,,,,,,,,,,,,,,,,,,,191.00 g,,,
,,,,,,,,,,,,,,,,,,,,,191.08 g,,,
,,,,,,,,,,,,,,,,,,,,,192.00 g,,,
,,,,,,,,,,,,,,,,,,,,,193.00 g,,,
,,,,,,,,,,,,,,,,,,,,,195.00 g,,,
,,,,,,,,,,,,,,,,,,,,,195.04 g,,,
,,,,,,,,,,,,,,,,,,,,,196.00 g,,,
,,,,,,,,,,,,,,,,,,,,,199.20 g,,,
,,,,,,,,,,,,,,,,,,,,,200.00 g,,,
,,,,,,,,,,,,,,,,,,,,,201.30 g,,,
,,,,,,,,,,,,,,,,,,,,,202.00 g,,,
,,,,,,,,,,,,,,,,,,,,,207.00 g,,,
,,,,,,,,,,,,,,,,,,,,,208.00 g,,,
,,,,,,,,,,,,,,,,,,,,,208.94 g,,,
,,,,,,,,,,,,,,,,,,,,,210.00 g,,,
,,,,,,,,,,,,,,,,,,,,,211.00 g,,,
,,,,,,,,,,,,,,,,,,,,,212.00 g,,,
,,,,,,,,,,,,,,,,,,,,,213.00 g,,,
,,,,,,,,,,,,,,,,,,,,,214.00 g,,,
,,,,,,,,,,,,,,,,,,,,,215.00 g,,,
,,,,,,,,,,,,,,,,,,,,,216.00 g,,,
,,,,,,,,,,,,,,,,,,,,,217.00 g,,,
,,,,,,,,,,,,,,,,,,,,,218.00 g,,,
,,,,,,,,,,,,,,,,,,,,,220.00 g,,,
,,,,,,,,,,,,,,,,,,,,,221.00 g,,,
,,,,,,,,,,,,,,,,,,,,,222.26 g,,,
,,,,,,,,,,,,,,,,,,,,,223.00 g,,,
,,,,,,,,,,,,,,,,,,,,,225.00 g,,,
,,,,,,,,,,,,,,,,,,,,,226.00 g,,,
,,,,,,,,,,,,,,,,,,,,,226.80 g,,,
,,,,,,,,,,,,,,,,,,,,,227.00 g,,,
,,,,,,,,,,,,,,,,,,,,,228.00 g,,,
,,,,,,,,,,,,,,,,,,,,,230.00 g,,,
,,,,,,,,,,,,,,,,,,,,,235.00 g,,,
,,,,,,,,,,,,,,,,,,,,,235.87 g,,,
,,,,,,,,,,,,,,,,,,,,,236.00 g,,,
,,,,,,,,,,,,,,,,,,,,,237.00 g,,,
,,,,,,,,,,,,,,,,,,,,,238.00 g,,,
,,,,,,,,,,,,,,,,,,,,,239.00 g,,,
,,,,,,,,,,,,,,,,,,,,,240.00 g,,,
,,,,,,,,,,,,,,,,,,,,,240.98 g,,,
,,,,,,,,,,,,,,,,,,,,,241.00 g,,,
,,,,,,,,,,,,,,,,,,,,,242.00 g,,,
,,,,,,,,,,,,,,,,,,,,,247.00 g,,,
,,,,,,,,,,,,,,,,,,,,,250.00 g,,,
,,,,,,,,,,,,,,,,,,,,,252.00 g,,,
,,,,,,,,,,,,,,,,,,,,,253.00 g,,,
,,,,,,,,,,,,,,,,,,,,,255.00 g,,,
,,,,,,,,,,,,,,,,,,,,,255.10 g,,,
,,,,,,,,,,,,,,,,,,,,,255.20 g,,,
,,,,,,,,,,,,,,,,,,,,,259.00 g,,,
,,,,,,,,,,,,,,,,,,,,,260.00 g,,,
,,,,,,,,,,,,,,,,,,,,,263.09 g,,,
,,,,,,,,,,,,,,,,,,,,,264.00 g,,,
,,,,,,,,,,,,,,,,,,,,,265.00 g,,,
,,,,,,,,,,,,,,,,,,,,,267.00 g,,,
,,,,,,,,,,,,,,,,,,,,,267.91 g,,,
,,,,,,,,,,,,,,,,,,,,,270.00 g,,,
,,,,,,,,,,,,,,,,,,,,,272.00 g,,,
,,,,,,,,,,,,,,,,,,,,,272.20 g,,,
,,,,,,,,,,,,,,,,,,,,,277.00 g,,,
,,,,,,,,,,,,,,,,,,,,,278.00 g,,,
,,,,,,,,,,,,,,,,,,,,,279.00 g,,,
,,,,,,,,,,,,,,,,,,,,,280.00 g,,,
,,,,,,,,,,,,,,,,,,,,,281.00 g,,,
,,,,,,,,,,,,,,,,,,,,,281.20 g,,,
,,,,,,,,,,,,,,,,,,,,,281.23 g,,,
,,,,,,,,,,,,,,,,,,,,,282.00 g,,,
,,,,,,,,,,,,,,,,,,,,,283.50 g,,,
,,,,,,,,,,,,,,,,,,,,,283.78 g,,,
,,,,,,,,,,,,,,,,,,,,,284.00 g,,,
,,,,,,,,,,,,,,,,,,,,,285.00 g,,,
,,,,,,,,,,,,,,,,,,,,,287.00 g,,,
,,,,,,,,,,,,,,,,,,,,,288.00 g,,,
,,,,,,,,,,,,,,,,,,,,,289.00 g,,,
,,,,,,,,,,,,,,,,,,,,,290.30 g,,,
,,,,,,,,,,,,,,,,,,,,,291.00 g,,,
,,,,,,,,,,,,,,,,,,,,,293.00 g,,,
,,,,,,,,,,,,,,,,,,,,,294.00 g,,,
,,,,,,,,,,,,,,,,,,,,,297.00 g,,,
,,,,,,,,,,,,,,,,,,,,,298.00 g,,,
,,,,,,,,,,,,,,,,,,,,,299.00 g,,,
,,,,,,,,,,,,,,,,,,,,,299.37 g,,,
,,,,,,,,,,,,,,,,,,,,,300.00 g,,,
,,,,,,,,,,,,,,,,,,,,,301.00 g,,,
,,,,,,,,,,,,,,,,,,,,,303.00 g,,,
,,,,,,,,,,,,,,,,,,,,,304.00 g,,,
,,,,,,,,,,,,,,,,,,,,,306.00 g,,,
,,,,,,,,,,,,,,,,,,,,,308.60 g,,,
,,,,,,,,,,,,,,,,,,,,,310.00 g,,,
,,,,,,,,,,,,,,,,,,,,,311.00 g,,,
,,,,,,,,,,,,,,,,,,,,,312.00 g,,,
,,,,,,,,,,,,,,,,,,,,,314.00 g,,,
,,,,,,,,,,,,,,,,,,,,,316.00 g,,,
,,,,,,,,,,,,,,,,,,,,,317.50 g,,,
,,,,,,,,,,,,,,,,,,,,,320.00 g,,,
,,,,,,,,,,,,,,,,,,,,,322.00 g,,,
,,,,,,,,,,,,,,,,,,,,,324.00 g,,,
,,,,,,,,,,,,,,,,,,,,,325.00 g,,,
,,,,,,,,,,,,,,,,,,,,,326.00 g,,,
,,,,,,,,,,,,,,,,,,,,,330.00 g,,,
,,,,,,,,,,,,,,,,,,,,,331.00 g,,,
,,,,,,,,,,,,,,,,,,,,,335.00 g,,,
,,,,,,,,,,,,,,,,,,,,,335.07 g,,,
,,,,,,,,,,,,,,,,,,,,,337.00 g,,,
,,,,,,,,,,,,,,,,,,,,,338.00 g,,,
,,,,,,,,,,,,,,,,,,,,,340.00 g,,,
,,,,,,,,,,,,,,,,,,,,,345.00 g,,,
,,,,,,,,,,,,,,,,,,,,,346.00 g,,,
,,,,,,,,,,,,,,,,,,,,,347.00 g,,,
,,,,,,,,,,,,,,,,,,,,,348.71 g,,,
,,,,,,,,,,,,,,,,,,,,,349.00 g,,,
,,,,,,,,,,,,,,,,,,,,,350.00 g,,,
,,,,,,,,,,,,,,,,,,,,,351.00 g,,,
,,,,,,,,,,,,,,,,,,,,,352.00 g,,,
,,,,,,,,,,,,,,,,,,,,,353.00 g,,,
,,,,,,,,,,,,,,,,,,,,,354.00 g,,,
,,,,,,,,,,,,,,,,,,,,,356.00 g,,,
,,,,,,,,,,,,,,,,,,,,,357.00 g,,,
,,,,,,,,,,,,,,,,,,,,,358.00 g,,,
,,,,,,,,,,,,,,,,,,,,,359.00 g,,,
,,,,,,,,,,,,,,,,,,,,,360.00 g,,,
,,,,,,,,,,,,,,,,,,,,,361.00 g,,,
,,,,,,,,,,,,,,,,,,,,,362.00 g,,,
,,,,,,,,,,,,,,,,,,,,,362.90 g,,,
,,,,,,,,,,,,,,,,,,,,,363.00 g,,,
,,,,,,,,,,,,,,,,,,,,,364.00 g,,,
,,,,,,,,,,,,,,,,,,,,,365.00 g,,,
,,,,,,,,,,,,,,,,,,,,,366.00 g,,,
,,,,,,,,,,,,,,,,,,,,,367.00 g,,,
,,,,,,,,,,,,,,,,,,,,,368.00 g,,,
,,,,,,,,,,,,,,,,,,,,,369.00 g,,,
,,,,,,,,,,,,,,,,,,,,,370.00 g,,,
,,,,,,,,,,,,,,,,,,,,,371.00 g,,,
,,,,,,,,,,,,,,,,,,,,,372.00 g,,,
,,,,,,,,,,,,,,,,,,,,,373.00 g,,,
,,,,,,,,,,,,,,,,,,,,,374.00 g,,,
,,,,,,,,,,,,,,,,,,,,,375.00 g,,,
,,,,,,,,,,,,,,,,,,,,,375.90 g,,,
,,,,,,,,,,,,,,,,,,,,,376.00 g,,,
,,,,,,,,,,,,,,,,,,,,,377.00 g,,,
,,,,,,,,,,,,,,,,,,,,,378.00 g,,,
,,,,,,,,,,,,,,,,,,,,,379.00 g,,,
,,,,,,,,,,,,,,,,,,,,,380.00 g,,,
,,,,,,,,,,,,,,,,,,,,,381.00 g,,,
,,,,,,,,,,,,,,,,,,,,,383.00 g,,,
,,,,,,,,,,,,,,,,,,,,,384.00 g,,,
,,,,,,,,,,,,,,,,,,,,,385.00 g,,,
,,,,,,,,,,,,,,,,,,,,,385.60 g,,,
,,,,,,,,,,,,,,,,,,,,,386.00 g,,,
,,,,,,,,,,,,,,,,,,,,,387.00 g,,,
,,,,,,,,,,,,,,,,,,,,,388.00 g,,,
,,,,,,,,,,,,,,,,,,,,,389.00 g,,,
,,,,,,,,,,,,,,,,,,,,,390.00 g,,,
,,,,,,,,,,,,,,,,,,,,,391.00 g,,,
,,,,,,,,,,,,,,,,,,,,,391.20 g,,,
,,,,,,,,,,,,,,,,,,,,,393.00 g,,,
,,,,,,,,,,,,,,,,,,,,,394.00 g,,,
,,,,,,,,,,,,,,,,,,,,,394.60 g,,,
,,,,,,,,,,,,,,,,,,,,,395.00 g,,,
,,,,,,,,,,,,,,,,,,,,,396.00 g,,,
,,,,,,,,,,,,,,,,,,,,,397.00 g,,,
,,,,,,,,,,,,,,,,,,,,,399.00 g,,,
,,,,,,,,,,,,,,,,,,,,,399.16 g,,,
,,,,,,,,,,,,,,,,,,,,,400.00 g,,,
,,,,,,,,,,,,,,,,,,,,,401.00 g,,,
,,,,,,,,,,,,,,,,,,,,,403.00 g,,,
,,,,,,,,,,,,,,,,,,,,,405.00 g,,,
,,,,,,,,,,,,,,,,,,,,,406.00 g,,,
,,,,,,,,,,,,,,,,,,,,,407.00 g,,,
,,,,,,,,,,,,,,,,,,,,,408.00 g,,,
,,,,,,,,,,,,,,,,,,,,,408.20 g,,,
,,,,,,,,,,,,,,,,,,,,,409.60 g,,,
,,,,,,,,,,,,,,,,,,,,,410.00 g,,,
,,,,,,,,,,,,,,,,,,,,,410.60 g,,,
,,,,,,,,,,,,,,,,,,,,,412.00 g,,,
,,,,,,,,,,,,,,,,,,,,,413.00 g,,,
,,,,,,,,,,,,,,,,,,,,,414.00 g,,,
,,,,,,,,,,,,,,,,,,,,,415.00 g,,,
,,,,,,,,,,,,,,,,,,,,,417.00 g,,,
,,,,,,,,,,,,,,,,,,,,,418.00 g,,,
,,,,,,,,,,,,,,,,,,,,,420.00 g,,,
,,,,,,,,,,,,,,,,,,,,,424.00 g,,,
,,,,,,,,,,,,,,,,,,,,,425.00 g,,,
,,,,,,,,,,,,,,,,,,,,,428.00 g,,,
,,,,,,,,,,,,,,,,,,,,,430.00 g,,,
,,,,,,,,,,,,,,,,,,,,,431.00 g,,,
,,,,,,,,,,,,,,,,,,,,,432.00 g,,,
,,,,,,,,,,,,,,,,,,,,,433.00 g,,,
,,,,,,,,,,,,,,,,,,,,,435.00 g,,,
,,,,,,,,,,,,,,,,,,,,,438.00 g,,,
,,,,,,,,,,,,,,,,,,,,,439.00 g,,,
,,,,,,,,,,,,,,,,,,,,,440.00 g,,,
,,,,,,,,,,,,,,,,,,,,,445.00 g,,,
,,,,,,,,,,,,,,,,,,,,,447.00 g,,,
,,,,,,,,,,,,,,,,,,,,,448.00 g,,,
,,,,,,,,,,,,,,,,,,,,,449.80 g,,,
,,,,,,,,,,,,,,,,,,,,,449.91 g,,,
,,,,,,,,,,,,,,,,,,,,,450.00 g,,,
,,,,,,,,,,,,,,,,,,,,,453.00 g,,,
,,,,,,,,,,,,,,,,,,,,,453.59 g,,,
,,,,,,,,,,,,,,,,,,,,,453.60 g,,,
,,,,,,,,,,,,,,,,,,,,,455.00 g,,,
,,,,,,,,,,,,,,,,,,,,,456.00 g,,,
,,,,,,,,,,,,,,,,,,,,,457.00 g,,,
,,,,,,,,,,,,,,,,,,,,,458.00 g,,,
,,,,,,,,,,,,,,,,,,,,,465.00 g,,,
,,,,,,,,,,,,,,,,,,,,,467.00 g,,,
,,,,,,,,,,,,,,,,,,,,,473.00 g,,,
,,,,,,,,,,,,,,,,,,,,,474.00 g,,,
,,,,,,,,,,,,,,,,,,,,,475.00 g,,,
,,,,,,,,,,,,,,,,,,,,,476.00 g,,,
,,,,,,,,,,,,,,,,,,,,,477.00 g,,,
,,,,,,,,,,,,,,,,,,,,,478.00 g,,,
,,,,,,,,,,,,,,,,,,,,,480.00 g,,,
,,,,,,,,,,,,,,,,,,,,,481.00 g,,,
,,,,,,,,,,,,,,,,,,,,,482.00 g,,,
,,,,,,,,,,,,,,,,,,,,,485.00 g,,,
,,,,,,,,,,,,,,,,,,,,,487.00 g,,,
,,,,,,,,,,,,,,,,,,,,,490.00 g,,,
,,,,,,,,,,,,,,,,,,,,,494.00 g,,,
,,,,,,,,,,,,,,,,,,,,,495.00 g,,,
,,,,,,,,,,,,,,,,,,,,,498.90 g,,,
,,,,,,,,,,,,,,,,,,,,,500.00 g,,,
,,,,,,,,,,,,,,,,,,,,,503.00 g,,,
,,,,,,,,,,,,,,,,,,,,,509.00 g,,,
,,,,,,,,,,,,,,,,,,,,,510.00 g,,,
,,,,,,,,,,,,,,,,,,,,,510.30 g,,,
,,,,,,,,,,,,,,,,,,,,,511.00 g,,,
,,,,,,,,,,,,,,,,,,,,,512.00 g,,,
,,,,,,,,,,,,,,,,,,,,,513.00 g,,,
,,,,,,,,,,,,,,,,,,,,,513.14 g,,,
,,,,,,,,,,,,,,,,,,,,,514.00 g,,,
,,,,,,,,,,,,,,,,,,,,,515.00 g,,,
,,,,,,,,,,,,,,,,,,,,,516.00 g,,,
,,,,,,,,,,,,,,,,,,,,,517.00 g,,,
,,,,,,,,,,,,,,,,,,,,,518.00 g,,,
,,,,,,,,,,,,,,,,,,,,,519.00 g,,,
,,,,,,,,,,,,,,,,,,,,,520.00 g,,,
,,,,,,,,,,,,,,,,,,,,,522.00 g,,,
,,,,,,,,,,,,,,,,,,,,,524.00 g,,,
,,,,,,,,,,,,,,,,,,,,,525.00 g,,,
,,,,,,,,,,,,,,,,,,,,,527.00 g,,,
,,,,,,,,,,,,,,,,,,,,,528.00 g,,,
,,,,,,,,,,,,,,,,,,,,,530.00 g,,,
,,,,,,,,,,,,,,,,,,,,,531.00 g,,,
,,,,,,,,,,,,,,,,,,,,,533.00 g,,,
,,,,,,,,,,,,,,,,,,,,,538.60 g,,,
,,,,,,,,,,,,,,,,,,,,,540.00 g,,,
,,,,,,,,,,,,,,,,,,,,,542.00 g,,,
,,,,,,,,,,,,,,,,,,,,,549.00 g,,,
,,,,,,,,,,,,,,,,,,,,,550.00 g,,,
,,,,,,,,,,,,,,,,,,,,,553.38 g,,,
,,,,,,,,,,,,,,,,,,,,,559.00 g,,,
,,,,,,,,,,,,,,,,,,,,,564.00 g,,,
,,,,,,,,,,,,,,,,,,,,,567.00 g,,,
,,,,,,,,,,,,,,,,,,,,,568.00 g,,,
,,,,,,,,,,,,,,,,,,,,,570.00 g,,,
,,,,,,,,,,,,,,,,,,,,,573.00 g,,,
,,,,,,,,,,,,,,,,,,,,,576.06 g,,,
,,,,,,,,,,,,,,,,,,,,,578.00 g,,,
,,,,,,,,,,,,,,,,,,,,,583.00 g,,,
,,,,,,,,,,,,,,,,,,,,,586.00 g,,,
,,,,,,,,,,,,,,,,,,,,,589.96 g,,,
,,,,,,,,,,,,,,,,,,,,,590.00 g,,,
,,,,,,,,,,,,,,,,,,,,,594.00 g,,,
,,,,,,,,,,,,,,,,,,,,,595.40 g,,,
,,,,,,,,,,,,,,,,,,,,,598.74 g,,,
,,,,,,,,,,,,,,,,,,,,,599.89 g,,,
,,,,,,,,,,,,,,,,,,,,,600.00 g,,,
,,,,,,,,,,,,,,,,,,,,,605.00 g,,,
,,,,,,,,,,,,,,,,,,,,,613.00 g,,,
,,,,,,,,,,,,,,,,,,,,,620.00 g,,,
,,,,,,,,,,,,,,,,,,,,,621.42 g,,,
,,,,,,,,,,,,,,,,,,,,,625.00 g,,,
,,,,,,,,,,,,,,,,,,,,,625.95 g,,,
,,,,,,,,,,,,,,,,,,,,,626.00 g,,,
,,,,,,,,,,,,,,,,,,,,,635.00 g,,,
,,,,,,,,,,,,,,,,,,,,,637.00 g,,,
,,,,,,,,,,,,,,,,,,,,,647.00 g,,,
,,,,,,,,,,,,,,,,,,,,,650.00 g,,,
,,,,,,,,,,,,,,,,,,,,,651.00 g,,,
,,,,,,,,,,,,,,,,,,,,,660.00 g,,,
,,,,,,,,,,,,,,,,,,,,,668.00 g,,,
,,,,,,,,,,,,,,,,,,,,,673.00 g,,,
,,,,,,,,,,,,,,,,,,,,,680.00 g,,,
,,,,,,,,,,,,,,,,,,,,,680.39 g,,,
,,,,,,,,,,,,,,,,,,,,,686.00 g,,,
,,,,,,,,,,,,,,,,,,,,,688.00 g,,,
,,,,,,,,,,,,,,,,,,,,,690.00 g,,,
,,,,,,,,,,,,,,,,,,,,,694.00 g,,,
,,,,,,,,,,,,,,,,,,,,,698.53 g,,,
,,,,,,,,,,,,,,,,,,,,,700.00 g,,,
,,,,,,,,,,,,,,,,,,,,,706.70 g,,,
,,,,,,,,,,,,,,,,,,,,,710.00 g,,,
,,,,,,,,,,,,,,,,,,,,,711.59 g,,,
,,,,,,,,,,,,,,,,,,,,,715.00 g,,,
,,,,,,,,,,,,,,,,,,,,,716.00 g,,,
,,,,,,,,,,,,,,,,,,,,,720.00 g,,,
,,,,,,,,,,,,,,,,,,,,,722.00 g,,,
,,,,,,,,,,,,,,,,,,,,,725.75 g,,,
,,,,,,,,,,,,,,,,,,,,,725.76 g,,,
,,,,,,,,,,,,,,,,,,,,,730.00 g,,,
,,,,,,,,,,,,,,,,,,,,,730.01 g,,,
,,,,,,,,,,,,,,,,,,,,,747.00 g,,,
,,,,,,,,,,,,,,,,,,,,,748.00 g,,,
,,,,,,,,,,,,,,,,,,,,,748.50 g,,,
,,,,,,,,,,,,,,,,,,,,,757.00 g,,,
,,,,,,,,,,,,,,,,,,,,,771.10 g,,,
,,,,,,,,,,,,,,,,,,,,,771.11 g,,,
,,,,,,,,,,,,,,,,,,,,,779.60 g,,,
,,,,,,,,,,,,,,,,,,,,,780.00 g,,,
,,,,,,,,,,,,,,,,,,,,,783.00 g,,,
,,,,,,,,,,,,,,,,,,,,,784.00 g,,,
,,,,,,,,,,,,,,,,,,,,,800.00 g,,,
,,,,,,,,,,,,,,,,,,,,,816.47 g,,,
,,,,,,,,,,,,,,,,,,,,,819.88 g,,,
,,,,,,,,,,,,,,,,,,,,,825.00 g,,,
,,,,,,,,,,,,,,,,,,,,,830.00 g,,,
,,,,,,,,,,,,,,,,,,,,,838.00 g,,,
,,,,,,,,,,,,,,,,,,,,,841.00 g,,,
,,,,,,,,,,,,,,,,,,,,,850.00 g,,,
,,,,,,,,,,,,,,,,,,,,,860.00 g,,,
,,,,,,,,,,,,,,,,,,,,,861.82 g,,,
,,,,,,,,,,,,,,,,,,,,,866.00 g,,,
,,,,,,,,,,,,,,,,,,,,,884.00 g,,,
,,,,,,,,,,,,,,,,,,,,,890.00 g,,,
,,,,,,,,,,,,,,,,,,,,,898.11 g,,,
,,,,,,,,,,,,,,,,,,,,,900.00 g,,,
,,,,,,,,,,,,,,,,,,,,,902.00 g,,,
,,,,,,,,,,,,,,,,,,,,,905.00 g,,,
,,,,,,,,,,,,,,,,,,,,,907.00 g,,,
,,,,,,,,,,,,,,,,,,,,,907.18 g,,,
,,,,,,,,,,,,,,,,,,,,,910.00 g,,,
,,,,,,,,,,,,,,,,,,,,,920.79 g,,,
,,,,,,,,,,,,,,,,,,,,,930.00 g,,,
,,,,,,,,,,,,,,,,,,,,,931.00 g,,,
,,,,,,,,,,,,,,,,,,,,,950.00 g,,,
,,,,,,,,,,,,,,,,,,,,,952.54 g,,,
,,,,,,,,,,,,,,,,,,,,,965.00 g,,,
,,,,,,,,,,,,,,,,,,,,,968.00 g,,,
,,,,,,,,,,,,,,,,,,,,,1,,,
,,,,,,,,,,,,,,,,,,,,,000.00 g,,,
,,,,,,,,,,,,,,,,,,,,,1,,,
,,,,,,,,,,,,,,,,,,,,,002.44 g,,,
,,,,,,,,,,,,,,,,,,,,,1,,,
,,,,,,,,,,,,,,,,,,,,,029.65 g,,,
,,,,,,,,,,,,,,,,,,,,,1,,,
,,,,,,,,,,,,,,,,,,,,,050.00 g,,,
,,,,,,,,,,,,,,,,,,,,,1,,,
,,,,,,,,,,,,,,,,,,,,,060.00 g,,,
,,,,,,,,,,,,,,,,,,,,,1,,,
,,,,,,,,,,,,,,,,,,,,,080.00 g,,,
,,,,,,,,,,,,,,,,,,,,,1,,,
,,,,,,,,,,,,,,,,,,,,,088.62 g,,,
,,,,,,,,,,,,,,,,,,,,,1,,,
,,,,,,,,,,,,,,,,,,,,,090.00 g,,,
,,,,,,,,,,,,,,,,,,,,,1,,,
,,,,,,,,,,,,,,,,,,,,,100.00 g,,,
,,,,,,,,,,,,,,,,,,,,,1,,,
,,,,,,,,,,,,,,,,,,,,,111.00 g,,,
,,,,,,,,,,,,,,,,,,,,,1,,,
,,,,,,,,,,,,,,,,,,,,,130.00 g,,,
,,,,,,,,,,,,,,,,,,,,,1,,,
,,,,,,,,,,,,,,,,,,,,,179.34 g,,,
,,,,,,,,,,,,,,,,,,,,,1,,,
,,,,,,,,,,,,,,,,,,,,,180.00 g,,,
,,,,,,,,,,,,,,,,,,,,,1,,,
,,,,,,,,,,,,,,,,,,,,,200.00 g,,,
,,,,,,,,,,,,,,,,,,,,,1,,,
,,,,,,,,,,,,,,,,,,,,,210.00 g,,,
,,,,,,,,,,,,,,,,,,,,,1,,,
,,,,,,,,,,,,,,,,,,,,,240.00 g,,,
,,,,,,,,,,,,,,,,,,,,,1,,,
,,,,,,,,,,,,,,,,,,,,,250.00 g,,,
,,,,,,,,,,,,,,,,,,,,,1,,,
,,,,,,,,,,,,,,,,,,,,,270.00 g,,,
,,,,,,,,,,,,,,,,,,,,,1,,,
,,,,,,,,,,,,,,,,,,,,,300.00 g,,,
,,,,,,,,,,,,,,,,,,,,,1,,,
,,,,,,,,,,,,,,,,,,,,,310.00 g,,,
,,,,,,,,,,,,,,,,,,,,,1,,,
,,,,,,,,,,,,,,,,,,,,,320.00 g,,,
,,,,,,,,,,,,,,,,,,,,,1,,,
,,,,,,,,,,,,,,,,,,,,,340.00 g,,,
,,,,,,,,,,,,,,,,,,,,,1,,,
,,,,,,,,,,,,,,,,,,,,,360.00 g,,,
,,,,,,,,,,,,,,,,,,,,,1,,,
,,,,,,,,,,,,,,,,,,,,,360.78 g,,,
,,,,,,,,,,,,,,,,,,,,,1,,,
,,,,,,,,,,,,,,,,,,,,,368.00 g,,,
,,,,,,,,,,,,,,,,,,,,,1,,,
,,,,,,,,,,,,,,,,,,,,,370.00 g,,,
,,,,,,,,,,,,,,,,,,,,,1,,,
,,,,,,,,,,,,,,,,,,,,,400.00 g,,,
,,,,,,,,,,,,,,,,,,,,,1,,,
,,,,,,,,,,,,,,,,,,,,,406.14 g,,,
,,,,,,,,,,,,,,,,,,,,,1,,,
,,,,,,,,,,,,,,,,,,,,,451.49 g,,,
,,,,,,,,,,,,,,,,,,,,,1,,,
,,,,,,,,,,,,,,,,,,,,,496.85 g,,,
,,,,,,,,,,,,,,,,,,,,,1,,,
,,,,,,,,,,,,,,,,,,,,,500.00 g,,,
,,,,,,,,,,,,,,,,,,,,,1,,,
,,,,,,,,,,,,,,,,,,,,,501.39 g,,,
,,,,,,,,,,,,,,,,,,,,,1,,,
,,,,,,,,,,,,,,,,,,,,,570.00 g,,,
,,,,,,,,,,,,,,,,,,,,,1,,,
,,,,,,,,,,,,,,,,,,,,,600.00 g,,,
,,,,,,,,,,,,,,,,,,,,,1,,,
,,,,,,,,,,,,,,,,,,,,,601.18 g,,,
,,,,,,,,,,,,,,,,,,,,,1,,,
,,,,,,,,,,,,,,,,,,,,,610.00 g,,,
,,,,,,,,,,,,,,,,,,,,,1,,,
,,,,,,,,,,,,,,,,,,,,,620.00 g,,,
,,,,,,,,,,,,,,,,,,,,,1,,,
,,,,,,,,,,,,,,,,,,,,,700.00 g,,,
,,,,,,,,,,,,,,,,,,,,,1,,,
,,,,,,,,,,,,,,,,,,,,,710.00 g,,,
,,,,,,,,,,,,,,,,,,,,,1,,,
,,,,,,,,,,,,,,,,,,,,,730.00 g,,,
,,,,,,,,,,,,,,,,,,,,,1,,,
,,,,,,,,,,,,,,,,,,,,,750.00 g,,,
,,,,,,,,,,,,,,,,,,,,,1,,,
,,,,,,,,,,,,,,,,,,,,,770.00 g,,,
,,,,,,,,,,,,,,,,,,,,,1,,,
,,,,,,,,,,,,,,,,,,,,,780.00 g,,,
,,,,,,,,,,,,,,,,,,,,,1,,,
,,,,,,,,,,,,,,,,,,,,,800.00 g,,,
,,,,,,,,,,,,,,,,,,,,,1,,,
,,,,,,,,,,,,,,,,,,,,,800.76 g,,,
,,,,,,,,,,,,,,,,,,,,,1,,,
,,,,,,,,,,,,,,,,,,,,,810.00 g,,,
,,,,,,,,,,,,,,,,,,,,,1,,,
,,,,,,,,,,,,,,,,,,,,,814.37 g,,,
,,,,,,,,,,,,,,,,,,,,,1,,,
,,,,,,,,,,,,,,,,,,,,,880.00 g,,,
,,,,,,,,,,,,,,,,,,,,,1,,,
,,,,,,,,,,,,,,,,,,,,,900.00 g,,,
,,,,,,,,,,,,,,,,,,,,,1,,,
,,,,,,,,,,,,,,,,,,,,,905.09 g,,,
,,,,,,,,,,,,,,,,,,,,,1,,,
,,,,,,,,,,,,,,,,,,,,,914.16 g,,,
,,,,,,,,,,,,,,,,,,,,,1,,,
,,,,,,,,,,,,,,,,,,,,,920.00 g,,,
,,,,,,,,,,,,,,,,,,,,,1,,,
,,,,,,,,,,,,,,,,,,,,,950.00 g,,,
,,,,,,,,,,,,,,,,,,,,,1,,,
,,,,,,,,,,,,,,,,,,,,,995.80 g,,,
,,,,,,,,,,,,,,,,,,,,,2,,,
,,,,,,,,,,,,,,,,,,,,,000.00 g,,,
,,,,,,,,,,,,,,,,,,,,,2,,,
,,,,,,,,,,,,,,,,,,,,,020.00 g,,,
,,,,,,,,,,,,,,,,,,,,,2,,,
,,,,,,,,,,,,,,,,,,,,,030.00 g,,,
,,,,,,,,,,,,,,,,,,,,,2,,,
,,,,,,,,,,,,,,,,,,,,,040.00 g,,,
,,,,,,,,,,,,,,,,,,,,,2,,,
,,,,,,,,,,,,,,,,,,,,,050.00 g,,,
,,,,,,,,,,,,,,,,,,,,,2,,,
,,,,,,,,,,,,,,,,,,,,,060.00 g,,,
,,,,,,,,,,,,,,,,,,,,,2,,,
,,,,,,,,,,,,,,,,,,,,,086.52 g,,,
,,,,,,,,,,,,,,,,,,,,,2,,,
,,,,,,,,,,,,,,,,,,,,,100.00 g,,,
,,,,,,,,,,,,,,,,,,,,,2,,,
,,,,,,,,,,,,,,,,,,,,,130.00 g,,,
,,,,,,,,,,,,,,,,,,,,,2,,,
,,,,,,,,,,,,,,,,,,,,,140.00 g,,,
,,,,,,,,,,,,,,,,,,,,,2,,,
,,,,,,,,,,,,,,,,,,,,,200.00 g,,,
,,,,,,,,,,,,,,,,,,,,,2,,,
,,,,,,,,,,,,,,,,,,,,,222.60 g,,,
,,,,,,,,,,,,,,,,,,,,,2,,,
,,,,,,,,,,,,,,,,,,,,,230.00 g,,,
,,,,,,,,,,,,,,,,,,,,,2,,,
,,,,,,,,,,,,,,,,,,,,,240.00 g,,,
,,,,,,,,,,,,,,,,,,,,,2,,,
,,,,,,,,,,,,,,,,,,,,,250.00 g,,,
,,,,,,,,,,,,,,,,,,,,,2,,,
,,,,,,,,,,,,,,,,,,,,,260.00 g,,,
,,,,,,,,,,,,,,,,,,,,,2,,,
,,,,,,,,,,,,,,,,,,,,,267.96 g,,,
,,,,,,,,,,,,,,,,,,,,,2,,,
,,,,,,,,,,,,,,,,,,,,,299.71 g,,,
,,,,,,,,,,,,,,,,,,,,,2,,,
,,,,,,,,,,,,,,,,,,,,,300.00 g,,,
,,,,,,,,,,,,,,,,,,,,,2,,,
,,,,,,,,,,,,,,,,,,,,,313.32 g,,,
,,,,,,,,,,,,,,,,,,,,,2,,,
,,,,,,,,,,,,,,,,,,,,,320.00 g,,,
,,,,,,,,,,,,,,,,,,,,,2,,,
,,,,,,,,,,,,,,,,,,,,,330.00 g,,,
,,,,,,,,,,,,,,,,,,,,,2,,,
,,,,,,,,,,,,,,,,,,,,,360.00 g,,,
,,,,,,,,,,,,,,,,,,,,,2,,,
,,,,,,,,,,,,,,,,,,,,,381.36 g,,,
,,,,,,,,,,,,,,,,,,,,,2,,,
,,,,,,,,,,,,,,,,,,,,,385.89 g,,,
,,,,,,,,,,,,,,,,,,,,,2,,,
,,,,,,,,,,,,,,,,,,,,,399.50 g,,,
,,,,,,,,,,,,,,,,,,,,,2,,,
,,,,,,,,,,,,,,,,,,,,,400.00 g,,,
,,,,,,,,,,,,,,,,,,,,,2,,,
,,,,,,,,,,,,,,,,,,,,,404.04 g,,,
,,,,,,,,,,,,,,,,,,,,,2,,,
,,,,,,,,,,,,,,,,,,,,,480.00 g,,,
,,,,,,,,,,,,,,,,,,,,,2,,,
,,,,,,,,,,,,,,,,,,,,,500.00 g,,,
,,,,,,,,,,,,,,,,,,,,,2,,,
,,,,,,,,,,,,,,,,,,,,,530.00 g,,,
,,,,,,,,,,,,,,,,,,,,,2,,,
,,,,,,,,,,,,,,,,,,,,,560.00 g,,,
,,,,,,,,,,,,,,,,,,,,,2,,,
,,,,,,,,,,,,,,,,,,,,,570.00 g,,,
,,,,,,,,,,,,,,,,,,,,,2,,,
,,,,,,,,,,,,,,,,,,,,,585.47 g,,,
,,,,,,,,,,,,,,,,,,,,,2,,,
,,,,,,,,,,,,,,,,,,,,,610.00 g,,,
,,,,,,,,,,,,,,,,,,,,,2,,,
,,,,,,,,,,,,,,,,,,,,,660.00 g,,,
,,,,,,,,,,,,,,,,,,,,,2,,,
,,,,,,,,,,,,,,,,,,,,,700.00 g,,,
,,,,,,,,,,,,,,,,,,,,,2,,,
,,,,,,,,,,,,,,,,,,,,,721.55 g,,,
,,,,,,,,,,,,,,,,,,,,,2,,,
,,,,,,,,,,,,,,,,,,,,,730.00 g,,,
,,,,,,,,,,,,,,,,,,,,,2,,,
,,,,,,,,,,,,,,,,,,,,,810.00 g,,,
,,,,,,,,,,,,,,,,,,,,,2,,,
,,,,,,,,,,,,,,,,,,,,,821.00 g,,,
,,,,,,,,,,,,,,,,,,,,,2,,,
,,,,,,,,,,,,,,,,,,,,,898.45 g,,,
,,,,,,,,,,,,,,,,,,,,,2,,,
,,,,,,,,,,,,,,,,,,,,,900.00 g,,,
,,,,,,,,,,,,,,,,,,,,,2,,,
,,,,,,,,,,,,,,,,,,,,,930.00 g,,,
,,,,,,,,,,,,,,,,,,,,,3,,,
,,,,,,,,,,,,,,,,,,,,,000.00 g,,,
,,,,,,,,,,,,,,,,,,,,,3,,,
,,,,,,,,,,,,,,,,,,,,,002.78 g,,,
,,,,,,,,,,,,,,,,,,,,,3,,,
,,,,,,,,,,,,,,,,,,,,,100.00 g,,,
,,,,,,,,,,,,,,,,,,,,,3,,,
,,,,,,,,,,,,,,,,,,,,,129.78 g,,,
,,,,,,,,,,,,,,,,,,,,,3,,,
,,,,,,,,,,,,,,,,,,,,,200.00 g,,,
,,,,,,,,,,,,,,,,,,,,,3,,,
,,,,,,,,,,,,,,,,,,,,,220.50 g,,,
,,,,,,,,,,,,,,,,,,,,,3,,,
,,,,,,,,,,,,,,,,,,,,,280.00 g,,,
,,,,,,,,,,,,,,,,,,,,,3,,,
,,,,,,,,,,,,,,,,,,,,,311.22 g,,,
,,,,,,,,,,,,,,,,,,,,,3,,,
,,,,,,,,,,,,,,,,,,,,,430.00 g,,,
,,,,,,,,,,,,,,,,,,,,,3,,,
,,,,,,,,,,,,,,,,,,,,,451.84 g,,,
,,,,,,,,,,,,,,,,,,,,,3,,,
,,,,,,,,,,,,,,,,,,,,,492.66 g,,,
,,,,,,,,,,,,,,,,,,,,,3,,,
,,,,,,,,,,,,,,,,,,,,,500.00 g,,,
,,,,,,,,,,,,,,,,,,,,,3,,,
,,,,,,,,,,,,,,,,,,,,,501.73 g,,,
,,,,,,,,,,,,,,,,,,,,,3,,,
,,,,,,,,,,,,,,,,,,,,,510.00 g,,,
,,,,,,,,,,,,,,,,,,,,,3,,,
,,,,,,,,,,,,,,,,,,,,,530.00 g,,,
,,,,,,,,,,,,,,,,,,,,,3,,,
,,,,,,,,,,,,,,,,,,,,,583.38 g,,,
,,,,,,,,,,,,,,,,,,,,,3,,,
,,,,,,,,,,,,,,,,,,,,,600.00 g,,,
,,,,,,,,,,,,,,,,,,,,,3,,,
,,,,,,,,,,,,,,,,,,,,,620.00 g,,,
,,,,,,,,,,,,,,,,,,,,,3,,,
,,,,,,,,,,,,,,,,,,,,,628.74 g,,,
,,,,,,,,,,,,,,,,,,,,,3,,,
,,,,,,,,,,,,,,,,,,,,,630.00 g,,,
,,,,,,,,,,,,,,,,,,,,,3,,,
,,,,,,,,,,,,,,,,,,,,,650.00 g,,,
,,,,,,,,,,,,,,,,,,,,,3,,,
,,,,,,,,,,,,,,,,,,,,,700.00 g,,,
,,,,,,,,,,,,,,,,,,,,,3,,,
,,,,,,,,,,,,,,,,,,,,,780.00 g,,,
,,,,,,,,,,,,,,,,,,,,,3,,,
,,,,,,,,,,,,,,,,,,,,,810.17 g,,,
,,,,,,,,,,,,,,,,,,,,,3,,,
,,,,,,,,,,,,,,,,,,,,,900.00 g,,,
,,,,,,,,,,,,,,,,,,,,,3,,,
,,,,,,,,,,,,,,,,,,,,,970.00 g,,,
,,,,,,,,,,,,,,,,,,,,,4,,,
,,,,,,,,,,,,,,,,,,,,,100.00 g,,,
,,,,,,,,,,,,,,,,,,,,,4,,,
,,,,,,,,,,,,,,,,,,,,,200.00 g,,,
,,,,,,,,,,,,,,,,,,,,,4,,,
,,,,,,,,,,,,,,,,,,,,,220.00 g,,,
,,,,,,,,,,,,,,,,,,,,,4,,,
,,,,,,,,,,,,,,,,,,,,,400.00 g,,,
,,,,,,,,,,,,,,,,,,,,,4,,,
,,,,,,,,,,,,,,,,,,,,,420.00 g,,,
,,,,,,,,,,,,,,,,,,,,,4,,,
,,,,,,,,,,,,,,,,,,,,,490.00 g,,,
,,,,,,,,,,,,,,,,,,,,,4,,,
,,,,,,,,,,,,,,,,,,,,,530.00 g,,,
,,,,,,,,,,,,,,,,,,,,,4,,,
,,,,,,,,,,,,,,,,,,,,,535.92 g,,,
,,,,,,,,,,,,,,,,,,,,,4,,,
,,,,,,,,,,,,,,,,,,,,,600.00 g,,,
,,,,,,,,,,,,,,,,,,,,,4,,,
,,,,,,,,,,,,,,,,,,,,,717.36 g,,,
,,,,,,,,,,,,,,,,,,,,,4,,,
,,,,,,,,,,,,,,,,,,,,,762.72 g,,,
,,,,,,,,,,,,,,,,,,,,,4,,,
,,,,,,,,,,,,,,,,,,,,,800.00 g,,,
,,,,,,,,,,,,,,,,,,,,,4,,,
,,,,,,,,,,,,,,,,,,,,,989.51 g,,,
,,,,,,,,,,,,,,,,,,,,,5,,,
,,,,,,,,,,,,,,,,,,,,,000.00 g,,,
,,,,,,,,,,,,,,,,,,,,,5,,,
,,,,,,,,,,,,,,,,,,,,,130.00 g,,,
,,,,,,,,,,,,,,,,,,,,,5,,,
,,,,,,,,,,,,,,,,,,,,,200.00 g,,,
,,,,,,,,,,,,,,,,,,,,,5,,,
,,,,,,,,,,,,,,,,,,,,,250.00 g,,,
,,,,,,,,,,,,,,,,,,,,,5,,,
,,,,,,,,,,,,,,,,,,,,,329.71 g,,,
,,,,,,,,,,,,,,,,,,,,,5,,,
,,,,,,,,,,,,,,,,,,,,,352.39 g,,,
,,,,,,,,,,,,,,,,,,,,,5,,,
,,,,,,,,,,,,,,,,,,,,,402.28 g,,,
,,,,,,,,,,,,,,,,,,,,,5,,,
,,,,,,,,,,,,,,,,,,,,,440.00 g,,,
,,,,,,,,,,,,,,,,,,,,,5,,,
,,,,,,,,,,,,,,,,,,,,,443.10 g,,,
,,,,,,,,,,,,,,,,,,,,,5,,,
,,,,,,,,,,,,,,,,,,,,,470.00 g,,,
,,,,,,,,,,,,,,,,,,,,,5,,,
,,,,,,,,,,,,,,,,,,,,,500.00 g,,,
,,,,,,,,,,,,,,,,,,,,,5,,,
,,,,,,,,,,,,,,,,,,,,,600.00 g,,,
,,,,,,,,,,,,,,,,,,,,,5,,,
,,,,,,,,,,,,,,,,,,,,,601.86 g,,,
,,,,,,,,,,,,,,,,,,,,,5,,,
,,,,,,,,,,,,,,,,,,,,,669.90 g,,,
,,,,,,,,,,,,,,,,,,,,,5,,,
,,,,,,,,,,,,,,,,,,,,,700.00 g,,,
,,,,,,,,,,,,,,,,,,,,,5,,,
,,,,,,,,,,,,,,,,,,,,,896.70 g,,,
,,,,,,,,,,,,,,,,,,,,,6,,,
,,,,,,,,,,,,,,,,,,,,,000.00 g,,,
,,,,,,,,,,,,,,,,,,,,,6,,,
,,,,,,,,,,,,,,,,,,,,,001.02 g,,,
,,,,,,,,,,,,,,,,,,,,,6,,,
,,,,,,,,,,,,,,,,,,,,,050.00 g,,,
,,,,,,,,,,,,,,,,,,,,,6,,,
,,,,,,,,,,,,,,,,,,,,,078.13 g,,,
,,,,,,,,,,,,,,,,,,,,,6,,,
,,,,,,,,,,,,,,,,,,,,,100.00 g,,,
,,,,,,,,,,,,,,,,,,,,,6,,,
,,,,,,,,,,,,,,,,,,,,,350.29 g,,,
,,,,,,,,,,,,,,,,,,,,,6,,,
,,,,,,,,,,,,,,,,,,,,,400.18 g,,,
,,,,,,,,,,,,,,,,,,,,,6,,,
,,,,,,,,,,,,,,,,,,,,,599.76 g,,,
,,,,,,,,,,,,,,,,,,,,,6,,,
,,,,,,,,,,,,,,,,,,,,,600.00 g,,,
,,,,,,,,,,,,,,,,,,,,,6,,,
,,,,,,,,,,,,,,,,,,,,,699.55 g,,,
,,,,,,,,,,,,,,,,,,,,,6,,,
,,,,,,,,,,,,,,,,,,,,,700.00 g,,,
,,,,,,,,,,,,,,,,,,,,,6,,,
,,,,,,,,,,,,,,,,,,,,,713.16 g,,,
,,,,,,,,,,,,,,,,,,,,,6,,,
,,,,,,,,,,,,,,,,,,,,,780.00 g,,,
,,,,,,,,,,,,,,,,,,,,,6,,,
,,,,,,,,,,,,,,,,,,,,,800.00 g,,,
,,,,,,,,,,,,,,,,,,,,,6,,,
,,,,,,,,,,,,,,,,,,,,,803.88 g,,,
,,,,,,,,,,,,,,,,,,,,,6,,,
,,,,,,,,,,,,,,,,,,,,,900.00 g,,,
,,,,,,,,,,,,,,,,,,,,,7,,,
,,,,,,,,,,,,,,,,,,,,,000.00 g,,,
,,,,,,,,,,,,,,,,,,,,,7,,,
,,,,,,,,,,,,,,,,,,,,,100.00 g,,,
,,,,,,,,,,,,,,,,,,,,,7,,,
,,,,,,,,,,,,,,,,,,,,,150.00 g,,,
,,,,,,,,,,,,,,,,,,,,,7,,,
,,,,,,,,,,,,,,,,,,,,,200.00 g,,,
,,,,,,,,,,,,,,,,,,,,,7,,,
,,,,,,,,,,,,,,,,,,,,,210.00 g,,,
,,,,,,,,,,,,,,,,,,,,,7,,,
,,,,,,,,,,,,,,,,,,,,,257.47 g,,,
,,,,,,,,,,,,,,,,,,,,,7,,,
,,,,,,,,,,,,,,,,,,,,,280.00 g,,,
,,,,,,,,,,,,,,,,,,,,,7,,,
,,,,,,,,,,,,,,,,,,,,,400.00 g,,,
,,,,,,,,,,,,,,,,,,,,,7,,,
,,,,,,,,,,,,,,,,,,,,,600.00 g,,,
,,,,,,,,,,,,,,,,,,,,,7,,,
,,,,,,,,,,,,,,,,,,,,,970.00 g,,,
,,,,,,,,,,,,,,,,,,,,,8,,,
,,,,,,,,,,,,,,,,,,,,,000.00 g,,,
,,,,,,,,,,,,,,,,,,,,,8,,,
,,,,,,,,,,,,,,,,,,,,,130.00 g,,,
,,,,,,,,,,,,,,,,,,,,,8,,,
,,,,,,,,,,,,,,,,,,,,,160.00 g,,,
,,,,,,,,,,,,,,,,,,,,,8,,,
,,,,,,,,,,,,,,,,,,,,,200.00 g,,,
,,,,,,,,,,,,,,,,,,,,,8,,,
,,,,,,,,,,,,,,,,,,,,,210.02 g,,,
,,,,,,,,,,,,,,,,,,,,,8,,,
,,,,,,,,,,,,,,,,,,,,,300.00 g,,,
,,,,,,,,,,,,,,,,,,,,,8,,,
,,,,,,,,,,,,,,,,,,,,,346.09 g,,,
,,,,,,,,,,,,,,,,,,,,,8,,,
,,,,,,,,,,,,,,,,,,,,,400.52 g,,,
,,,,,,,,,,,,,,,,,,,,,8,,,
,,,,,,,,,,,,,,,,,,,,,618.25 g,,,
,,,,,,,,,,,,,,,,,,,,,8,,,
,,,,,,,,,,,,,,,,,,,,,980.00 g,,,
,,,,,,,,,,,,,,,,,,,,,9,,,
,,,,,,,,,,,,,,,,,,,,,000.00 g,,,
,,,,,,,,,,,,,,,,,,,,,9,,,
,,,,,,,,,,,,,,,,,,,,,100.00 g,,,
,,,,,,,,,,,,,,,,,,,,,9,,,
,,,,,,,,,,,,,,,,,,,,,200.00 g,,,
,,,,,,,,,,,,,,,,,,,,,9,,,
,,,,,,,,,,,,,,,,,,,,,500.00 g,,,
,,,,,,,,,,,,,,,,,,,,,9,,,
,,,,,,,,,,,,,,,,,,,,,770.00 g,,,
,,,,,,,,,,,,,,,,,,,,,9,,,
,,,,,,,,,,,,,,,,,,,,,880.00 g,,,
,,,,,,,,,,,,,,,,,,,,,9,,,
,,,,,,,,,,,,,,,,,,,,,979.02 g,,,
,,,,,,,,,,,,,,,,,,,,,10,,,
,,,,,,,,,,,,,,,,,,,,,000.00 g,,,
,,,,,,,,,,,,,,,,,,,,,10,,,
,,,,,,,,,,,,,,,,,,,,,001.70 g,,,
,,,,,,,,,,,,,,,,,,,,,10,,,
,,,,,,,,,,,,,,,,,,,,,160.00 g,,,
,,,,,,,,,,,,,,,,,,,,,10,,,
,,,,,,,,,,,,,,,,,,,,,200.00 g,,,
,,,,,,,,,,,,,,,,,,,,,10,,,
,,,,,,,,,,,,,,,,,,,,,600.00 g,,,
,,,,,,,,,,,,,,,,,,,,,10,,,
,,,,,,,,,,,,,,,,,,,,,886.21 g,,,
,,,,,,,,,,,,,,,,,,,,,11,,,
,,,,,,,,,,,,,,,,,,,,,000.00 g,,,
,,,,,,,,,,,,,,,,,,,,,11,,,
,,,,,,,,,,,,,,,,,,,,,022.29 g,,,
,,,,,,,,,,,,,,,,,,,,,11,,,
,,,,,,,,,,,,,,,,,,,,,100.00 g,,,
,,,,,,,,,,,,,,,,,,,,,11,,,
,,,,,,,,,,,,,,,,,,,,,300.00 g,,,
,,,,,,,,,,,,,,,,,,,,,11,,,
,,,,,,,,,,,,,,,,,,,,,339.80 g,,,
,,,,,,,,,,,,,,,,,,,,,11,,,
,,,,,,,,,,,,,,,,,,,,,611.96 g,,,
,,,,,,,,,,,,,,,,,,,,,12,,,
,,,,,,,,,,,,,,,,,,,,,270.00 g,,,
,,,,,,,,,,,,,,,,,,,,,12,,,
,,,,,,,,,,,,,,,,,,,,,301.42 g,,,
,,,,,,,,,,,,,,,,,,,,,13,,,
,,,,,,,,,,,,,,,,,,,,,200.00 g,,,
,,,,,,,,,,,,,,,,,,,,,13,,,
,,,,,,,,,,,,,,,,,,,,,500.00 g,,,
,,,,,,,,,,,,,,,,,,,,,14,,,
,,,,,,,,,,,,,,,,,,,,,333.51 g,,,
,,,,,,,,,,,,,,,,,,,,,14,,,
,,,,,,,,,,,,,,,,,,,,,501.34 g,,,
,,,,,,,,,,,,,,,,,,,,,14,,,
,,,,,,,,,,,,,,,,,,,,,510.00 g,,,
,,,,,,,,,,,,,,,,,,,,,15,,,
,,,,,,,,,,,,,,,,,,,,,800.00 g,,,
,,,,,,,,,,,,,,,,,,,,,15,,,
,,,,,,,,,,,,,,,,,,,,,900.00 g,,,
,,,,,,,,,,,,,,,,,,,,,16,,,
,,,,,,,,,,,,,,,,,,,,,011.80 g,,,
,,,,,,,,,,,,,,,,,,,,,16,,,
,,,,,,,,,,,,,,,,,,,,,587.86 g,,,
,,,,,,,,,,,,,,,,,,,,,17,,,
,,,,,,,,,,,,,,,,,,,,,200.00 g,,,
,,,,,,,,,,,,,,,,,,,,,17,,,
,,,,,,,,,,,,,,,,,,,,,700.00 g,,,
,,,,,,,,,,,,,,,,,,,,,18,,,
,,,,,,,,,,,,,,,,,,,,,600.00 g,,,
,,,,,,,,,,,,,,,,,,,,,19,,,
,,,,,,,,,,,,,,,,,,,,,186.94 g,,,
,,,,,,,,,,,,,,,,,,,,,19,,,
,,,,,,,,,,,,,,,,,,,,,504.46 g,,,
,,,,,,,,,,,,,,,,,,,,,20,,,
,,,,,,,,,,,,,,,,,,,,,411.64 g,,,
,,,,,,,,,,,,,,,,,,,,,20,,,
,,,,,,,,,,,,,,,,,,,,,520.00 g,,,
,,,,,,,,,,,,,,,,,,,,,21,,,
,,,,,,,,,,,,,,,,,,,,,200.00 g,,,
,,,,,,,,,,,,,,,,,,,,,21,,,
,,,,,,,,,,,,,,,,,,,,,454.90 g,,,
,,,,,,,,,,,,,,,,,,,,,21,,,
,,,,,,,,,,,,,,,,,,,,,999.21 g,,,
,,,,,,,,,,,,,,,,,,,,,22,,,
,,,,,,,,,,,,,,,,,,,,,003.75 g,,,
,,,,,,,,,,,,,,,,,,,,,22,,,
,,,,,,,,,,,,,,,,,,,,,679.60 g,,,
,,,,,,,,,,,,,,,,,,,,,23,,,
,,,,,,,,,,,,,,,,,,,,,604.93 g,,,
,,,,,,,,,,,,,,,,,,,,,23,,,
,,,,,,,,,,,,,,,,,,,,,995.02 g,,,
,,,,,,,,,,,,,,,,,,,,,24,,,
,,,,,,,,,,,,,,,,,,,,,090.00 g,,,
,,,,,,,,,,,,,,,,,,,,,24,,,
,,,,,,,,,,,,,,,,,,,,,702.62 g,,,
,,,,,,,,,,,,,,,,,,,,,24,,,
,,,,,,,,,,,,,,,,,,,,,900.00 g,,,
,,,,,,,,,,,,,,,,,,,,,24,,,
,,,,,,,,,,,,,,,,,,,,,947.56 g,,,
,,,,,,,,,,,,,,,,,,,,,25,,,
,,,,,,,,,,,,,,,,,,,,,006.53 g,,,
,,,,,,,,,,,,,,,,,,,,,25,,,
,,,,,,,,,,,,,,,,,,,,,491.87 g,,,
,,,,,,,,,,,,,,,,,,,,,25,,,
,,,,,,,,,,,,,,,,,,,,,900.10 g,,,
,,,,,,,,,,,,,,,,,,,,,27,,,
,,,,,,,,,,,,,,,,,,,,,200.00 g,,,
,,,,,,,,,,,,,,,,,,,,,27,,,
,,,,,,,,,,,,,,,,,,,,,206.45 g,,,
,,,,,,,,,,,,,,,,,,,,,27,,,
,,,,,,,,,,,,,,,,,,,,,215.52 g,,,
,,,,,,,,,,,,,,,,,,,,,27,,,
,,,,,,,,,,,,,,,,,,,,,705.40 g,,,
,,,,,,,,,,,,,,,,,,,,,28,,,
,,,,,,,,,,,,,,,,,,,,,004.77 g,,,
,,,,,,,,,,,,,,,,,,,,,29,,,
,,,,,,,,,,,,,,,,,,,,,200.00 g,,,
,,,,,,,,,,,,,,,,,,,,,29,,,
,,,,,,,,,,,,,,,,,,,,,483.48 g,,,
,,,,,,,,,,,,,,,,,,,,,29,,,
,,,,,,,,,,,,,,,,,,,,,937.07 g,,,
,,,,,,,,,,,,,,,,,,,,,30,,,
,,,,,,,,,,,,,,,,,,,,,844.26 g,,,
,,,,,,,,,,,,,,,,,,,,,30,,,
,,,,,,,,,,,,,,,,,,,,,889.62 g,,,
,,,,,,,,,,,,,,,,,,,,,30,,,
,,,,,,,,,,,,,,,,,,,,,903.22 g,,,
,,,,,,,,,,,,,,,,,,,,,31,,,
,,,,,,,,,,,,,,,,,,,,,706.08 g,,,
,,,,,,,,,,,,,,,,,,,,,31,,,
,,,,,,,,,,,,,,,,,,,,,805.87 g,,,
,,,,,,,,,,,,,,,,,,,,,34,,,
,,,,,,,,,,,,,,,,,,,,,005.79 g,,,
,,,,,,,,,,,,,,,,,,,,,35,,,
,,,,,,,,,,,,,,,,,,,,,407.39 g,,,
,,,,,,,,,,,,,,,,,,,,,37,,,
,,,,,,,,,,,,,,,,,,,,,194.54 g,,,
,,,,,,,,,,,,,,,,,,,,,38,,,
,,,,,,,,,,,,,,,,,,,,,106.26 g,,,
,,,,,,,,,,,,,,,,,,,,,40,,,
,,,,,,,,,,,,,,,,,,,,,823.28 g,,,
,,,,,,,,,,,,,,,,,,,,,42,,,
,,,,,,,,,,,,,,,,,,,,,206.74 g,,,
,,,,,,,,,,,,,,,,,,,,,42,,,
,,,,,,,,,,,,,,,,,,,,,310.00 g,,,
,,,,,,,,,,,,,,,,,,,,,44,,,
,,,,,,,,,,,,,,,,,,,,,007.50 g,,,
,,,,,,,,,,,,,,,,,,,,,44,,,
,,,,,,,,,,,,,,,,,,,,,280.00 g,,,
,,,,,,,,,,,,,,,,,,,,,44,,,
,,,,,,,,,,,,,,,,,,,,,905.61 g,,,
,,,,,,,,,,,,,,,,,,,,,46,,,
,,,,,,,,,,,,,,,,,,,,,207.42 g,,,
,,,,,,,,,,,,,,,,,,,,,47,,,
,,,,,,,,,,,,,,,,,,,,,309.65 g,,,
,,,,,,,,,,,,,,,,,,,,,47,,,
,,,,,,,,,,,,,,,,,,,,,581.80 g,,,
,,,,,,,,,,,,,,,,,,,,,47,,,
,,,,,,,,,,,,,,,,,,,,,627.16 g,,,
,,,,,,,,,,,,,,,,,,,,,49,,,
,,,,,,,,,,,,,,,,,,,,,409.78 g,,,
,,,,,,,,,,,,,,,,,,,,,49,,,
,,,,,,,,,,,,,,,,,,,,,895.12 g,,,
,,,,,,,,,,,,,,,,,,,,,54,,,
,,,,,,,,,,,,,,,,,,,,,430.00 g,,,
,,,,,,,,,,,,,,,,,,,,,55,,,
,,,,,,,,,,,,,,,,,,,,,311.01 g,,,
,,,,,,,,,,,,,,,,,,,,,72,,,
,,,,,,,,,,,,,,,,,,,,,982.95 g,,,
,,,,,,,,,,,,,,,,,,,,,74,,,
,,,,,,,,,,,,,,,,,,,,,978.76 g,,,
,,,,,,,,,,,,,,,,,,,,,85,,,
,,,,,,,,,,,,,,,,,,,,,000.00 g,,,
,,,,,,,,,,,,,,,,,,,,,102,,,
,,,,,,,,,,,,,,,,,,,,,000.00 g,,,
,,,,,,,,,,,,,,,,,,,,,111,,,
,,,,,,,,,,,,,,,,,,,,,820.00 g,,,
,,,,,,,,,,,,,,,,,,,,,113,,,
,,,,,,,,,,,,,,,,,,,,,398.00 g,,,
,,,,,,,,,,,,,,,,,,,,,127,,,
,,,,,,,,,,,,,,,,,,,,,005.76 g,,,
,,,,,,,,,,,,,,,,,,,,,133,,,
,,,,,,,,,,,,,,,,,,,,,809.64 g,,,
,,,,,,,,,,,,,,,,,,,,,216,,,
,,,,,,,,,,,,,,,,,,,,,000.00 g,,,
,,,,,,,,,,,,,,,,,,,,,528,,,
,,,,,,,,,,,,,,,,,,,,,434.68 g,,,
,,,,,,,,,,,,,,,,,,,,,654,,,
,,,,,,,,,,,,,,,,,,,,,986.85 g,,,
