_:noded3df6a85bd7cc9db553ab5f2ba978471,katom.com/118-WTF27A2417,Width,width (in),0.5
_:noded3df6a85bd7cc9db553ab5f2ba978471,katom.com/118-WTF27A2417,Height,height (in),0.5454545454545454
_:noded3df6a85bd7cc9db553ab5f2ba978471,katom.com/118-WTF27A2417,Height,weight,0.8333333333333334
_:noded3df6a85bd7cc9db553ab5f2ba978471,katom.com/118-WTF27A2417,Weight,weight,1.0
_:noded3df6a85bd7cc9db553ab5f2ba978471,katom.com/118-WTF27A2417,Warranty,warranty,1.0
_:node29278be3b51f8f1f512ba3cafa43,ontimesupplies.com/dia13436ea-duo-touch-free-refill-125-l-spring-water,Memory Type,soap type,0.5454545454545454
_:node29278be3b51f8f1f512ba3cafa43,ontimesupplies.com/dia13436ea-duo-touch-free-refill-125-l-spring-water,Weight,item weight,0.5454545454545454
_:node40282835932b96ef7551daacc1d1d2,emmabridgewater.co.uk/en/restofworld/flowers/amaryllis-12-pint-mug/invt/1flw220002,Storage Capacity,capacity,0.5
_:node40282835932b96ef7551daacc1d1d2,emmabridgewater.co.uk/en/restofworld/flowers/amaryllis-12-pint-mug/invt/1flw220002,Height,height,1.0
_:node40282835932b96ef7551daacc1d1d2,emmabridgewater.co.uk/en/restofworld/flowers/amaryllis-12-pint-mug/invt/1flw220002,Battery Capacity,capacity,0.5
_:node40282835932b96ef7551daacc1d1d2,emmabridgewater.co.uk/en/restofworld/flowers/amaryllis-12-pint-mug/invt/1flw220002,Weight,height,0.8333333333333334
_:node28e32eb77936feaf7069de16bd25877e,katom.com/044-NME1854RS32,Height,height (cm),0.5454545454545454
_:node28e32eb77936feaf7069de16bd25877e,katom.com/044-NME1854RS32,Weight,weight,1.0
_:node28e32eb77936feaf7069de16bd25877e,katom.com/044-NME1854RS32,Output Voltage,voltage,0.5
_:node28e32eb77936feaf7069de16bd25877e,katom.com/044-NME1854RS32,Warranty,warranty,1.0
_:node28e32eb77936feaf7069de16bd25877e,katom.com/044-NME1854RS32,Memory Type,compressor type,0.5333333333333333
_:node28e32eb77936feaf7069de16bd25877e,katom.com/044-NME1854RS32,Width,width (cm),0.5
_:node28e32eb77936feaf7069de16bd25877e,katom.com/044-NME1854RS32,Height,weight,0.8333333333333334
_:nodeebbfd96ad9c7aa1235ccbd7f57dc6ad,webstaurantstore.com/advance-tabco-hf-5e-240-five-pan-electric-steam-table-with-undershelf-open-well/109HF5E%20%20%20%20%20240,Height,height,1.0
_:nodeebbfd96ad9c7aa1235ccbd7f57dc6ad,webstaurantstore.com/advance-tabco-hf-5e-240-five-pan-electric-steam-table-with-undershelf-open-well/109HF5E%20%20%20%20%20240,Output Voltage,voltage,0.5
_:nodeebbfd96ad9c7aa1235ccbd7f57dc6ad,webstaurantstore.com/advance-tabco-hf-5e-240-five-pan-electric-steam-table-with-undershelf-open-well/109HF5E%20%20%20%20%20240,Memory Type,well type,0.5454545454545454
_:nodeebbfd96ad9c7aa1235ccbd7f57dc6ad,webstaurantstore.com/advance-tabco-hf-5e-240-five-pan-electric-steam-table-with-undershelf-open-well/109HF5E%20%20%20%20%20240,Length,depth,0.5
_:nodeebbfd96ad9c7aa1235ccbd7f57dc6ad,webstaurantstore.com/advance-tabco-hf-5e-240-five-pan-electric-steam-table-with-undershelf-open-well/109HF5E%20%20%20%20%20240,Width,width,1.0
_:nodeebbfd96ad9c7aa1235ccbd7f57dc6ad,webstaurantstore.com/advance-tabco-hf-5e-240-five-pan-electric-steam-table-with-undershelf-open-well/109HF5E%20%20%20%20%20240,Memory Type,control type,0.5
_:nodeebbfd96ad9c7aa1235ccbd7f57dc6ad,webstaurantstore.com/advance-tabco-hf-5e-240-five-pan-electric-steam-table-with-undershelf-open-well/109HF5E%20%20%20%20%20240,Memory Type,power type,0.5454545454545454
_:nodeebbfd96ad9c7aa1235ccbd7f57dc6ad,webstaurantstore.com/advance-tabco-hf-5e-240-five-pan-electric-steam-table-with-undershelf-open-well/109HF5E%20%20%20%20%20240,Power Supply,power type,0.5833333333333333
_:nodeebbfd96ad9c7aa1235ccbd7f57dc6ad,webstaurantstore.com/advance-tabco-hf-5e-240-five-pan-electric-steam-table-with-undershelf-open-well/109HF5E%20%20%20%20%20240,Weight,height,0.8333333333333334
_:node1cc425cbbdbda71d19a77fbc54e46c81,furniturelandsouth.com/shop-furniture/pine-cone-hill-inc-interlaken-ivory-matelasse-coverlet-king-m13ivk,Memory,category,0.5
_:node1cc425cbbdbda71d19a77fbc54e46c81,furniturelandsouth.com/shop-furniture/pine-cone-hill-inc-interlaken-ivory-matelasse-coverlet-king-m13ivk,Cache Memory,category,0.5
_:noded4be21dcf3388fb11f41275c485423,abt.com/product/54922/Bosch-24-Ascenta-White-Built-In-Dishwasher-SHE3AR52UC,Height,height (cm),0.5454545454545454
_:noded4be21dcf3388fb11f41275c485423,abt.com/product/54922/Bosch-24-Ascenta-White-Built-In-Dishwasher-SHE3AR52UC,Warranty,parts warranty,0.5714285714285714
_:noded4be21dcf3388fb11f41275c485423,abt.com/product/54922/Bosch-24-Ascenta-White-Built-In-Dishwasher-SHE3AR52UC,Warranty,labor warranty,0.5714285714285714
_:noded4be21dcf3388fb11f41275c485423,abt.com/product/54922/Bosch-24-Ascenta-White-Built-In-Dishwasher-SHE3AR52UC,Width,width (cm),0.5
_:nodeef4f10dcb5abf4a0fac94463a98efba,katom.com/144-49S1114110,Height,weight,0.8333333333333334
_:nodeef4f10dcb5abf4a0fac94463a98efba,katom.com/144-49S1114110,Cache Memory,category,0.5
_:nodeef4f10dcb5abf4a0fac94463a98efba,katom.com/144-49S1114110,Memory,category,0.5
_:nodeef4f10dcb5abf4a0fac94463a98efba,katom.com/144-49S1114110,Weight,weight,1.0
_:nodec31e8a507a3b53f084237043525722fe,rewonline.com/restaurant-equipment-new/Mars-STD236-1XH-OB-Air-Curtain/MRS-STD236-1XH-OB,Memory Type,heat type,0.5454545454545454
_:nodebddc4e6dfad104db5fc8ba48973b744,abt.com/product/91680/Speed-Queen-White-Commercial-Stack-Washer-And-Electric-Dryer-STEBYASP173TW01,Battery Capacity,dryer capacity (l),0.5
_:nodebddc4e6dfad104db5fc8ba48973b744,abt.com/product/91680/Speed-Queen-White-Commercial-Stack-Washer-And-Electric-Dryer-STEBYASP173TW01,Battery Capacity,washer capacity (l),0.5789473684210527
_:nodebddc4e6dfad104db5fc8ba48973b744,abt.com/product/91680/Speed-Queen-White-Commercial-Stack-Washer-And-Electric-Dryer-STEBYASP173TW01,Height,height (cm),0.5454545454545454
_:nodebddc4e6dfad104db5fc8ba48973b744,abt.com/product/91680/Speed-Queen-White-Commercial-Stack-Washer-And-Electric-Dryer-STEBYASP173TW01,Width,width (cm),0.5
_:nodebddc4e6dfad104db5fc8ba48973b744,abt.com/product/91680/Speed-Queen-White-Commercial-Stack-Washer-And-Electric-Dryer-STEBYASP173TW01,Memory Type,control type,0.5
_:node47965ce3acd6fbbb263ac9d76fa0348f,furniturelandsouth.com/shop-furniture/century-furniture-duncan-sofa-22-940,Cache Memory,category,0.5
_:node47965ce3acd6fbbb263ac9d76fa0348f,furniturelandsouth.com/shop-furniture/century-furniture-duncan-sofa-22-940,Memory,category,0.5
_:node040e8e54d49f87a7b39b673ed88cb12,katom.com/144-20C258151,Weight,weight,1.0
_:node040e8e54d49f87a7b39b673ed88cb12,katom.com/144-20C258151,Memory,category,0.5
_:node040e8e54d49f87a7b39b673ed88cb12,katom.com/144-20C258151,Height,weight,0.8333333333333334
_:node040e8e54d49f87a7b39b673ed88cb12,katom.com/144-20C258151,Cache Memory,category,0.5
_:node6fbbf79cc5aeffef4db62f0aa40c367,accu.co.uk/en/shim-washers/173154-HSHN-8-12-0-5-A2-BL,Height,weight,0.8333333333333334
_:node6fbbf79cc5aeffef4db62f0aa40c367,accu.co.uk/en/shim-washers/173154-HSHN-8-12-0-5-A2-BL,Weight,weight,1.0
_:node746240486885f0d2aba9a16aa1ee6b72,smallappliancedirect.com/parcel/144097/,Weight,item weight,0.5454545454545454
_:node746240486885f0d2aba9a16aa1ee6b72,smallappliancedirect.com/parcel/144097/,Screen Size,package size,0.5
_:node746240486885f0d2aba9a16aa1ee6b72,smallappliancedirect.com/parcel/144097/,Screen Size,item size,0.5454545454545454
_:node8727ef51879b2ed9572457e98ba7bf,furniturelandsouth.com/shop-furniture/flexsteel-vail-chair-and-ottoman-3305-08-3305-10,Cache Memory,category,0.5
_:node8727ef51879b2ed9572457e98ba7bf,furniturelandsouth.com/shop-furniture/flexsteel-vail-chair-and-ottoman-3305-08-3305-10,Memory,category,0.5
_:node16fa2e16467e4492368d69f3f5fcadd,furniturelandsouth.com/shop-furniture/harden-furniture-loveseat-6666-066,Memory,category,0.5
_:node16fa2e16467e4492368d69f3f5fcadd,furniturelandsouth.com/shop-furniture/harden-furniture-loveseat-6666-066,Cache Memory,category,0.5
_:nodeff951e1a580c151601f653aa831cbf,rewonline.com/restaurant-equipment-new/Cardinal-Glass-BT4907A-Knife-Dessert/CIG-BT4907A,Resolution,construction,0.5
_:noded0d631603c167383b560dcbe524f0,rewonline.com/restaurant-equipment-new/Browne-502011S-Knife-Dinner/BRO-502011S,Resolution,construction,0.5
_:node1440599419456ab57daba92011dcf9ed,furniturelandsouth.com/shop-furniture/conrad-grebel-binghamton-queen-bed-d90f-m31,Cache Memory,category,0.5
_:node1440599419456ab57daba92011dcf9ed,furniturelandsouth.com/shop-furniture/conrad-grebel-binghamton-queen-bed-d90f-m31,Memory,category,0.5
_:node71e8ec8b2d7ac12f3409c3b526e3a6,furniturelandsouth.com/shop-furniture/thomasville-furniture-round-cocktail-table-82631-171,Memory,category,0.5
_:node71e8ec8b2d7ac12f3409c3b526e3a6,furniturelandsouth.com/shop-furniture/thomasville-furniture-round-cocktail-table-82631-171,Cache Memory,category,0.5
_:node9be4b5ac6fb793aa9e40d316ae8783,canada.waterford.com/malibu-azure-dinner-plate,Height,height,1.0
_:node9be4b5ac6fb793aa9e40d316ae8783,canada.waterford.com/malibu-azure-dinner-plate,Length,depth,0.5
_:node9be4b5ac6fb793aa9e40d316ae8783,canada.waterford.com/malibu-azure-dinner-plate,Weight,height,0.8333333333333334
_:node9be4b5ac6fb793aa9e40d316ae8783,canada.waterford.com/malibu-azure-dinner-plate,Width,width,1.0
_:nodec965c285bfffd7b093a872e5844641d8,warnersstellian.com/product/12500/electrolux-eidw6105gs,Height,net weight,0.5
_:nodec965c285bfffd7b093a872e5844641d8,warnersstellian.com/product/12500/electrolux-eidw6105gs,Length,depth,0.5
_:nodec965c285bfffd7b093a872e5844641d8,warnersstellian.com/product/12500/electrolux-eidw6105gs,Width,width,1.0
_:nodec965c285bfffd7b093a872e5844641d8,warnersstellian.com/product/12500/electrolux-eidw6105gs,Weight,net weight,0.6
_:nodec965c285bfffd7b093a872e5844641d8,warnersstellian.com/product/12500/electrolux-eidw6105gs,Weight,height,0.8333333333333334
_:nodec965c285bfffd7b093a872e5844641d8,warnersstellian.com/product/12500/electrolux-eidw6105gs,Height,height,1.0
_:node913316398a14faa65a064df923e3fbb,katom.com/009-SKG243RE,Weight,weight,1.0
_:node913316398a14faa65a064df923e3fbb,katom.com/009-SKG243RE,Cache Memory,category,0.5
_:node913316398a14faa65a064df923e3fbb,katom.com/009-SKG243RE,Memory,category,0.5
_:node913316398a14faa65a064df923e3fbb,katom.com/009-SKG243RE,Height,weight,0.8333333333333334
_:node5a66c339ec66c16d5df99ee8607bb2,funfoodthailand.com/all-products-th/2-burner-gas-barbecue-hsq-b302p/,Warranty,warranty ,0.8888888888888888
_:node5a66c339ec66c16d5df99ee8607bb2,funfoodthailand.com/all-products-th/2-burner-gas-barbecue-hsq-b302p/,Power Supply,power ,0.5
_:nodea2ba291a2953d4379912d2955eb7b12,royaldoulton.com/union-street-blue-dinner-plate,Length,depth,0.5
_:nodea2ba291a2953d4379912d2955eb7b12,royaldoulton.com/union-street-blue-dinner-plate,Width,width,1.0
_:nodea2ba291a2953d4379912d2955eb7b12,royaldoulton.com/union-street-blue-dinner-plate,Height,height,1.0
_:nodea2ba291a2953d4379912d2955eb7b12,royaldoulton.com/union-street-blue-dinner-plate,Weight,height,0.8333333333333334
_:nodee430ce9b55b63f9a6aeddfc13998c9f,royalalbert.com/candy-love-lilac-vintage-mug,Width,width,1.0
_:nodee430ce9b55b63f9a6aeddfc13998c9f,royalalbert.com/candy-love-lilac-vintage-mug,Height,height,1.0
_:nodee430ce9b55b63f9a6aeddfc13998c9f,royalalbert.com/candy-love-lilac-vintage-mug,Weight,height,0.8333333333333334
_:nodee430ce9b55b63f9a6aeddfc13998c9f,royalalbert.com/candy-love-lilac-vintage-mug,Storage Capacity,capacity,0.5
_:nodee430ce9b55b63f9a6aeddfc13998c9f,royalalbert.com/candy-love-lilac-vintage-mug,Battery Capacity,capacity,0.5
_:nodee430ce9b55b63f9a6aeddfc13998c9f,royalalbert.com/candy-love-lilac-vintage-mug,Length,depth,0.5
_:nodec42b8b9416a5f316dac194947a33bab,thejanitorialmarket.com/unit/1301103/,Screen Size,package size,0.5
_:nodec42b8b9416a5f316dac194947a33bab,thejanitorialmarket.com/unit/1301103/,Weight,item weight,0.5454545454545454
_:nodec42b8b9416a5f316dac194947a33bab,thejanitorialmarket.com/unit/1301103/,Screen Size,item size,0.5454545454545454
_:node58163de2b33aaf24e09f5b3d1f47df27,bhphotovideo.com/c/product/1164775-REG/focal_upright_furniture_ffs_1000_rd_mobis_upright_seat_chili,Weight,height,0.8333333333333334
_:node58163de2b33aaf24e09f5b3d1f47df27,bhphotovideo.com/c/product/1164775-REG/focal_upright_furniture_ffs_1000_rd_mobis_upright_seat_chili,Height,height,1.0
_:node3524e763cba3af719490e130c31e3a1e,scentedcandleshop.com/online_store/yankee-candle-car-jar-bonus-pack-midsummers-night.cfm,Height,weight,0.8333333333333334
_:node3524e763cba3af719490e130c31e3a1e,scentedcandleshop.com/online_store/yankee-candle-car-jar-bonus-pack-midsummers-night.cfm,Weight,weight,1.0
_:node498234ca4ed151b4c9217f5e6afc5db,garden4less.co.uk/43-ergoflex-electric-garden-lawn-mower-bosch.asp,Battery Capacity,grass-box capacity,0.5555555555555556
_:node498234ca4ed151b4c9217f5e6afc5db,garden4less.co.uk/43-ergoflex-electric-garden-lawn-mower-bosch.asp,Writing Speed,cutting system,0.5
_:node498234ca4ed151b4c9217f5e6afc5db,garden4less.co.uk/43-ergoflex-electric-garden-lawn-mower-bosch.asp,Storage Capacity,motor capacity,0.6875
_:node498234ca4ed151b4c9217f5e6afc5db,garden4less.co.uk/43-ergoflex-electric-garden-lawn-mower-bosch.asp,Battery Capacity,motor capacity,0.6875
_:node498234ca4ed151b4c9217f5e6afc5db,garden4less.co.uk/43-ergoflex-electric-garden-lawn-mower-bosch.asp,Storage Capacity,grass-box capacity,0.5
_:node498234ca4ed151b4c9217f5e6afc5db,garden4less.co.uk/43-ergoflex-electric-garden-lawn-mower-bosch.asp,Weight,weight,1.0
_:node498234ca4ed151b4c9217f5e6afc5db,garden4less.co.uk/43-ergoflex-electric-garden-lawn-mower-bosch.asp,Height,weight,0.8333333333333334
_:nodea6e4c864aad55d3de2998d8c3e6ccb76,furniturelandsouth.com/shop-furniture/winston-furniture-company-inc-chaise-lounge-m54009,Cache Memory,category,0.5
_:nodea6e4c864aad55d3de2998d8c3e6ccb76,furniturelandsouth.com/shop-furniture/winston-furniture-company-inc-chaise-lounge-m54009,Memory,category,0.5
_:node7e9856fae7fc30a654164e98c463822,katom.com/608-VU155B10RP,Weight,height,0.8333333333333334
_:node7e9856fae7fc30a654164e98c463822,katom.com/608-VU155B10RP,Output Voltage,voltage,0.5
_:node7e9856fae7fc30a654164e98c463822,katom.com/608-VU155B10RP,Weight,weight,1.0
_:node7e9856fae7fc30a654164e98c463822,katom.com/608-VU155B10RP,Width,width,1.0
_:node7e9856fae7fc30a654164e98c463822,katom.com/608-VU155B10RP,Warranty,warranty,1.0
_:node7e9856fae7fc30a654164e98c463822,katom.com/608-VU155B10RP,Battery Capacity,bin capacity,0.625
_:node7e9856fae7fc30a654164e98c463822,katom.com/608-VU155B10RP,Storage Capacity,bin capacity,0.5625
_:node7e9856fae7fc30a654164e98c463822,katom.com/608-VU155B10RP,Length,depth,0.5
_:node7e9856fae7fc30a654164e98c463822,katom.com/608-VU155B10RP,Height,height,1.0
_:node7e9856fae7fc30a654164e98c463822,katom.com/608-VU155B10RP,Height,weight,0.8333333333333334
_:nodecbd29e85281e5d9a4e95edaa255de43,rewonline.com/restaurant-equipment-new/Krowne-KR18-12BD-Underbar-Blender-Station/KRO-KR18-12BD,Width,width),0.8333333333333334
_:node349045a4edf07a1cc24890bce59a2052,katom.com/598-TWT60ADASPEC1,Weight,weight,1.0
_:node349045a4edf07a1cc24890bce59a2052,katom.com/598-TWT60ADASPEC1,Weight,height,0.8333333333333334
_:node349045a4edf07a1cc24890bce59a2052,katom.com/598-TWT60ADASPEC1,Width,width,1.0
_:node349045a4edf07a1cc24890bce59a2052,katom.com/598-TWT60ADASPEC1,Height,weight,0.8333333333333334
_:node349045a4edf07a1cc24890bce59a2052,katom.com/598-TWT60ADASPEC1,Height,height,1.0
_:node349045a4edf07a1cc24890bce59a2052,katom.com/598-TWT60ADASPEC1,Length,depth,0.5
_:node349045a4edf07a1cc24890bce59a2052,katom.com/598-TWT60ADASPEC1,Output Voltage,voltage,0.5
_:node701a8d71494d72f6a37b47443d3fbd3d,rewonline.com/restaurant-equipment-new/Eagle-S5-86-2460E-Shelving-Unit-Wire/EAG-S5-86-2460E,Weight,height,0.8333333333333334
_:node701a8d71494d72f6a37b47443d3fbd3d,rewonline.com/restaurant-equipment-new/Eagle-S5-86-2460E-Shelving-Unit-Wire/EAG-S5-86-2460E,Width,width,1.0
_:node701a8d71494d72f6a37b47443d3fbd3d,rewonline.com/restaurant-equipment-new/Eagle-S5-86-2460E-Shelving-Unit-Wire/EAG-S5-86-2460E,Length,depth,0.5
_:node701a8d71494d72f6a37b47443d3fbd3d,rewonline.com/restaurant-equipment-new/Eagle-S5-86-2460E-Shelving-Unit-Wire/EAG-S5-86-2460E,Height,height,1.0
_:node1291949330d7d57e6bd7ae8aa44c8ca3,katom.com/231-2167EDN120208,Battery Capacity,capacity,0.5
_:node1291949330d7d57e6bd7ae8aa44c8ca3,katom.com/231-2167EDN120208,Cache Memory,category,0.5
_:node1291949330d7d57e6bd7ae8aa44c8ca3,katom.com/231-2167EDN120208,Width,width,1.0
_:node1291949330d7d57e6bd7ae8aa44c8ca3,katom.com/231-2167EDN120208,Height,weight,0.8333333333333334
_:node1291949330d7d57e6bd7ae8aa44c8ca3,katom.com/231-2167EDN120208,Weight,weight,1.0
_:node1291949330d7d57e6bd7ae8aa44c8ca3,katom.com/231-2167EDN120208,Storage Capacity,capacity,0.5
_:node1291949330d7d57e6bd7ae8aa44c8ca3,katom.com/231-2167EDN120208,Memory,category,0.5
_:noded899bf133278457e29ce6aee50422f74,rewonline.com/restaurant-equipment-new/John-Boos-CHYRS72-V-Countertop-Backsplash/JOH-CHYRS72-V,Height,height,1.0
_:noded899bf133278457e29ce6aee50422f74,rewonline.com/restaurant-equipment-new/John-Boos-CHYRS72-V-Countertop-Backsplash/JOH-CHYRS72-V,Resolution,construction,0.5
_:noded899bf133278457e29ce6aee50422f74,rewonline.com/restaurant-equipment-new/John-Boos-CHYRS72-V-Countertop-Backsplash/JOH-CHYRS72-V,Length,depth,0.5
_:noded899bf133278457e29ce6aee50422f74,rewonline.com/restaurant-equipment-new/John-Boos-CHYRS72-V-Countertop-Backsplash/JOH-CHYRS72-V,Width,width,1.0
_:noded899bf133278457e29ce6aee50422f74,rewonline.com/restaurant-equipment-new/John-Boos-CHYRS72-V-Countertop-Backsplash/JOH-CHYRS72-V,Weight,height,0.8333333333333334
_:node32f325f992a3b8fe2bd8c070bd8730bb,katom.com/007-FG265500RED,Weight,height,0.8333333333333334
_:node32f325f992a3b8fe2bd8c070bd8730bb,katom.com/007-FG265500RED,Weight,weight,1.0
_:node32f325f992a3b8fe2bd8c070bd8730bb,katom.com/007-FG265500RED,Storage Capacity,capacity,0.5
_:node32f325f992a3b8fe2bd8c070bd8730bb,katom.com/007-FG265500RED,Battery Capacity,capacity,0.5
_:node32f325f992a3b8fe2bd8c070bd8730bb,katom.com/007-FG265500RED,Height,height,1.0
_:node32f325f992a3b8fe2bd8c070bd8730bb,katom.com/007-FG265500RED,Height,weight,0.8333333333333334
_:node454944e1884f910538f20e5c8277,furniturelandsouth.com/shop-furniture/woodard-company-river-run-dining-arm-chair-s545501,Memory,category,0.5
_:node454944e1884f910538f20e5c8277,furniturelandsouth.com/shop-furniture/woodard-company-river-run-dining-arm-chair-s545501,Cache Memory,category,0.5
_:nodebd2b6209eaedc9e3eae5c64f72e086,ontimesupplies.com/bos11081-blade-disposal-container-with-wire-rack-11-081,Screen Size,opening size,0.5
_:nodebd2b6209eaedc9e3eae5c64f72e086,ontimesupplies.com/bos11081-blade-disposal-container-with-wire-rack-11-081,Length,depth,0.5
_:nodebd2b6209eaedc9e3eae5c64f72e086,ontimesupplies.com/bos11081-blade-disposal-container-with-wire-rack-11-081,Height,height,1.0
_:nodebd2b6209eaedc9e3eae5c64f72e086,ontimesupplies.com/bos11081-blade-disposal-container-with-wire-rack-11-081,Width,width,1.0
_:nodebd2b6209eaedc9e3eae5c64f72e086,ontimesupplies.com/bos11081-blade-disposal-container-with-wire-rack-11-081,Weight,height,0.8333333333333334
_:nodebd2b6209eaedc9e3eae5c64f72e086,ontimesupplies.com/bos11081-blade-disposal-container-with-wire-rack-11-081,Memory Type,opening type,0.5
_:nodebd2b6209eaedc9e3eae5c64f72e086,ontimesupplies.com/bos11081-blade-disposal-container-with-wire-rack-11-081,Weight,item weight,0.5454545454545454
_:node63d517b0211ea2c81e1e24793b0cbc1,emmabridgewater.co.uk/en/europe/seconds-pink-hearts-10-12-plate/invt/2pih010064,Length,length,1.0
_:node63d517b0211ea2c81e1e24793b0cbc1,emmabridgewater.co.uk/en/europe/seconds-pink-hearts-10-12-plate/invt/2pih010064,Length,depth,0.5
_:node63d517b0211ea2c81e1e24793b0cbc1,emmabridgewater.co.uk/en/europe/seconds-pink-hearts-10-12-plate/invt/2pih010064,Storage Capacity,capacity,0.5
_:node63d517b0211ea2c81e1e24793b0cbc1,emmabridgewater.co.uk/en/europe/seconds-pink-hearts-10-12-plate/invt/2pih010064,Cable Length,length,0.5
_:node63d517b0211ea2c81e1e24793b0cbc1,emmabridgewater.co.uk/en/europe/seconds-pink-hearts-10-12-plate/invt/2pih010064,Battery Capacity,capacity,0.5
_:nodef34c82edcd6cc9c36636eb46b35177,furniturelandsouth.com/shop-furniture/ambella-home-collection-saddle-bench-580-29,Memory,category,0.5
_:nodef34c82edcd6cc9c36636eb46b35177,furniturelandsouth.com/shop-furniture/ambella-home-collection-saddle-bench-580-29,Cache Memory,category,0.5
_:node30ac8fcec1b231ff8874c221df1ab1c,emmabridgewater.co.uk/en/us/seconds-polka-dot-text-sugar-storage-jar/invt/2pod070122,Storage Capacity,capacity,0.5
_:node30ac8fcec1b231ff8874c221df1ab1c,emmabridgewater.co.uk/en/us/seconds-polka-dot-text-sugar-storage-jar/invt/2pod070122,Weight,height,0.8333333333333334
_:node30ac8fcec1b231ff8874c221df1ab1c,emmabridgewater.co.uk/en/us/seconds-polka-dot-text-sugar-storage-jar/invt/2pod070122,Height,height,1.0
_:node30ac8fcec1b231ff8874c221df1ab1c,emmabridgewater.co.uk/en/us/seconds-polka-dot-text-sugar-storage-jar/invt/2pod070122,Length,length,1.0
_:node30ac8fcec1b231ff8874c221df1ab1c,emmabridgewater.co.uk/en/us/seconds-polka-dot-text-sugar-storage-jar/invt/2pod070122,Battery Capacity,capacity,0.5
_:node30ac8fcec1b231ff8874c221df1ab1c,emmabridgewater.co.uk/en/us/seconds-polka-dot-text-sugar-storage-jar/invt/2pod070122,Cable Length,length,0.5
_:node94596eda88830c2775ebc6b78afc5b,wmf.com/en/long-drink-glass-set-6-pcs-easy,Battery Capacity,capacity,0.5
_:node94596eda88830c2775ebc6b78afc5b,wmf.com/en/long-drink-glass-set-6-pcs-easy,Height,height,1.0
_:node94596eda88830c2775ebc6b78afc5b,wmf.com/en/long-drink-glass-set-6-pcs-easy,Weight,height,0.8333333333333334
_:node94596eda88830c2775ebc6b78afc5b,wmf.com/en/long-drink-glass-set-6-pcs-easy,Storage Capacity,capacity,0.5
_:node97925e485aa78828c9734728069a848,rewonline.com/restaurant-equipment-new/Cambro-RFSCW4135-Food-Storage-Container-Round/CAM-RFSCW4135,Battery Capacity,capacity,0.5
_:node97925e485aa78828c9734728069a848,rewonline.com/restaurant-equipment-new/Cambro-RFSCW4135-Food-Storage-Container-Round/CAM-RFSCW4135,Resolution,construction,0.5
_:node97925e485aa78828c9734728069a848,rewonline.com/restaurant-equipment-new/Cambro-RFSCW4135-Food-Storage-Container-Round/CAM-RFSCW4135,Storage Capacity,capacity,0.5
_:node5e1e6b25996d2e2fa8e273c298ec0dc,restockit.com/mayline-corsica-boat-shape-conference-table-top-num-mlnct96cry,Length,depth,0.5
_:node5e1e6b25996d2e2fa8e273c298ec0dc,restockit.com/mayline-corsica-boat-shape-conference-table-top-num-mlnct96cry,Width,width,1.0
_:node5e1e6b25996d2e2fa8e273c298ec0dc,restockit.com/mayline-corsica-boat-shape-conference-table-top-num-mlnct96cry,Weight,weight ,0.8571428571428572
_:node5e1e6b25996d2e2fa8e273c298ec0dc,restockit.com/mayline-corsica-boat-shape-conference-table-top-num-mlnct96cry,Height,weight ,0.7142857142857143
_:node4571267663aa4796e3fbb1b42340c0,furniturelandsouth.com/shop-furniture/winston-furniture-company-inc-ultimate-high-back-swivel-tilt-chair-m65059,Cache Memory,category,0.5
_:node4571267663aa4796e3fbb1b42340c0,furniturelandsouth.com/shop-furniture/winston-furniture-company-inc-ultimate-high-back-swivel-tilt-chair-m65059,Memory,category,0.5
_:node6cdc6960fd6bb86f38d454c6498ca94d,furniturelandsouth.com/shop-furniture/marshfield-furniture-sofa-2304-03,Height,height,1.0
_:node6cdc6960fd6bb86f38d454c6498ca94d,furniturelandsouth.com/shop-furniture/marshfield-furniture-sofa-2304-03,Weight,height,0.8333333333333334
_:node6cdc6960fd6bb86f38d454c6498ca94d,furniturelandsouth.com/shop-furniture/marshfield-furniture-sofa-2304-03,Cache Memory,category,0.5
_:node6cdc6960fd6bb86f38d454c6498ca94d,furniturelandsouth.com/shop-furniture/marshfield-furniture-sofa-2304-03,Memory,category,0.5
_:node6cdc6960fd6bb86f38d454c6498ca94d,furniturelandsouth.com/shop-furniture/marshfield-furniture-sofa-2304-03,Width,width,1.0
_:node6cdc6960fd6bb86f38d454c6498ca94d,furniturelandsouth.com/shop-furniture/marshfield-furniture-sofa-2304-03,Length,depth,0.5
_:nodee7acc4f84ae0fcab195c95521e28f,rewonline.com/restaurant-equipment-new/Eagle-S4-74-1848E-Shelving-Unit-Wire/EAG-S4-74-1848E,Height,height,1.0
_:nodee7acc4f84ae0fcab195c95521e28f,rewonline.com/restaurant-equipment-new/Eagle-S4-74-1848E-Shelving-Unit-Wire/EAG-S4-74-1848E,Weight,height,0.8333333333333334
_:node1a425e72bf14e92134b0c43ea9e935eb,rewonline.com/restaurant-equipment-new/Service-Ideas-IBT15BS-Ice-Bucket/SID-IBT15BS,Resolution,construction,0.5
_:node1a425e72bf14e92134b0c43ea9e935eb,rewonline.com/restaurant-equipment-new/Service-Ideas-IBT15BS-Ice-Bucket/SID-IBT15BS,Storage Capacity,capacity,0.5
_:node1a425e72bf14e92134b0c43ea9e935eb,rewonline.com/restaurant-equipment-new/Service-Ideas-IBT15BS-Ice-Bucket/SID-IBT15BS,Battery Capacity,capacity,0.5
_:node184cce59cc9df94ed556b11281c97c54,katom.com/118-BB72GY1S27PT,Height,weight,0.8333333333333334
_:node184cce59cc9df94ed556b11281c97c54,katom.com/118-BB72GY1S27PT,Memory Type,door type,0.6363636363636364
_:node184cce59cc9df94ed556b11281c97c54,katom.com/118-BB72GY1S27PT,Width,width,1.0
_:node184cce59cc9df94ed556b11281c97c54,katom.com/118-BB72GY1S27PT,Warranty,warranty,1.0
_:node184cce59cc9df94ed556b11281c97c54,katom.com/118-BB72GY1S27PT,Weight,weight,1.0
_:node184cce59cc9df94ed556b11281c97c54,katom.com/118-BB72GY1S27PT,Output Voltage,voltage,0.5
_:node92ba145dacc487e7766beeb38f28d55c,katom.com/180-28035154,Memory,category,0.5
_:node92ba145dacc487e7766beeb38f28d55c,katom.com/180-28035154,Height,height,1.0
_:node92ba145dacc487e7766beeb38f28d55c,katom.com/180-28035154,Length,depth,0.5
_:node92ba145dacc487e7766beeb38f28d55c,katom.com/180-28035154,Height,weight,0.8333333333333334
_:node92ba145dacc487e7766beeb38f28d55c,katom.com/180-28035154,Cache Memory,category,0.5
_:node92ba145dacc487e7766beeb38f28d55c,katom.com/180-28035154,Weight,weight,1.0
_:node92ba145dacc487e7766beeb38f28d55c,katom.com/180-28035154,Width,width,1.0
_:node92ba145dacc487e7766beeb38f28d55c,katom.com/180-28035154,Weight,height,0.8333333333333334
_:node8eab637f038b7c4e4b0207b5792e4f2,ontimesupplies.com/nsn0615834-7105000615834-frame-black-wood-18-x-24,Width,width,1.0
_:node8eab637f038b7c4e4b0207b5792e4f2,ontimesupplies.com/nsn0615834-7105000615834-frame-black-wood-18-x-24,Weight,item weight,0.5454545454545454
_:node8eab637f038b7c4e4b0207b5792e4f2,ontimesupplies.com/nsn0615834-7105000615834-frame-black-wood-18-x-24,Weight,height,0.8333333333333334
_:node8eab637f038b7c4e4b0207b5792e4f2,ontimesupplies.com/nsn0615834-7105000615834-frame-black-wood-18-x-24,Height,height,1.0
_:node8eab637f038b7c4e4b0207b5792e4f2,ontimesupplies.com/nsn0615834-7105000615834-frame-black-wood-18-x-24,Screen Size,insert size,0.5454545454545454
_:nodeba3268ef54315a7a96e96c3af737dabc,furniturelandsouth.com/shop-furniture/dash-albert-rug-company-caravan-stripe-woven-cotton-rug-rda062-912,Cache Memory,category,0.5
_:nodeba3268ef54315a7a96e96c3af737dabc,furniturelandsouth.com/shop-furniture/dash-albert-rug-company-caravan-stripe-woven-cotton-rug-rda062-912,Memory,category,0.5
_:nodeba3268ef54315a7a96e96c3af737dabc,furniturelandsouth.com/shop-furniture/dash-albert-rug-company-caravan-stripe-woven-cotton-rug-rda062-912,Weight,height,0.8333333333333334
_:nodeba3268ef54315a7a96e96c3af737dabc,furniturelandsouth.com/shop-furniture/dash-albert-rug-company-caravan-stripe-woven-cotton-rug-rda062-912,Width,width,1.0
_:nodeba3268ef54315a7a96e96c3af737dabc,furniturelandsouth.com/shop-furniture/dash-albert-rug-company-caravan-stripe-woven-cotton-rug-rda062-912,Height,height,1.0
_:node97608bad7cc6a1aec52bd2e22470d5b0,culinarydepotinc.com/continental-refrigerator-mc5-dcw-designer-line-milk-cooler,Weight,weight,1.0
_:node97608bad7cc6a1aec52bd2e22470d5b0,culinarydepotinc.com/continental-refrigerator-mc5-dcw-designer-line-milk-cooler,Weight,height,0.8333333333333334
_:node97608bad7cc6a1aec52bd2e22470d5b0,culinarydepotinc.com/continental-refrigerator-mc5-dcw-designer-line-milk-cooler,Length,depth,0.5
_:node97608bad7cc6a1aec52bd2e22470d5b0,culinarydepotinc.com/continental-refrigerator-mc5-dcw-designer-line-milk-cooler,Width,width,1.0
_:node97608bad7cc6a1aec52bd2e22470d5b0,culinarydepotinc.com/continental-refrigerator-mc5-dcw-designer-line-milk-cooler,Battery Capacity,capacity,0.5
_:node97608bad7cc6a1aec52bd2e22470d5b0,culinarydepotinc.com/continental-refrigerator-mc5-dcw-designer-line-milk-cooler,Storage Capacity,capacity,0.5
_:node97608bad7cc6a1aec52bd2e22470d5b0,culinarydepotinc.com/continental-refrigerator-mc5-dcw-designer-line-milk-cooler,Height,weight,0.8333333333333334
_:node97608bad7cc6a1aec52bd2e22470d5b0,culinarydepotinc.com/continental-refrigerator-mc5-dcw-designer-line-milk-cooler,Height,height,1.0
_:node97608bad7cc6a1aec52bd2e22470d5b0,culinarydepotinc.com/continental-refrigerator-mc5-dcw-designer-line-milk-cooler,Memory Type,door type,0.6363636363636364
_:node80d6df7f7328dd4f599e79fd121fe8d,culinarydepotinc.com/john-boos-c-elip7230175-2s-eliptical-c-table,Length,depth,0.5
_:node80d6df7f7328dd4f599e79fd121fe8d,culinarydepotinc.com/john-boos-c-elip7230175-2s-eliptical-c-table,Weight,weight,1.0
_:node80d6df7f7328dd4f599e79fd121fe8d,culinarydepotinc.com/john-boos-c-elip7230175-2s-eliptical-c-table,Width,width,1.0
_:node80d6df7f7328dd4f599e79fd121fe8d,culinarydepotinc.com/john-boos-c-elip7230175-2s-eliptical-c-table,Height,weight,0.8333333333333334
_:nodedc45634def04e535c96fa1ce1de9239,wmf.com/en/mesh-strainer-16-cm-profi-plus,Length,length (cm),0.5454545454545454
_:nodeeff796e81c5319a495e2a013891e2496,blaines.co.uk/small-appliances/irons/97/tefal-fv4041g0-steam-iron,Length,cord length,0.5454545454545454
_:nodeeff796e81c5319a495e2a013891e2496,blaines.co.uk/small-appliances/irons/97/tefal-fv4041g0-steam-iron,Storage Capacity,reservoir capacity,0.5555555555555556
_:nodeeff796e81c5319a495e2a013891e2496,blaines.co.uk/small-appliances/irons/97/tefal-fv4041g0-steam-iron,Battery Capacity,reservoir capacity,0.5555555555555556
_:nodeeff796e81c5319a495e2a013891e2496,blaines.co.uk/small-appliances/irons/97/tefal-fv4041g0-steam-iron,Power Supply,power consumption,0.5294117647058824
_:nodeeff796e81c5319a495e2a013891e2496,blaines.co.uk/small-appliances/irons/97/tefal-fv4041g0-steam-iron,Cable Length,cord length,0.6666666666666667
_:nodeb58326f1e72a9146679bfb33df97f98,victorpest.com/deer-away-deer-repellent-ready-to-use-32-oz-vp,Resolution,presentation,0.5833333333333333
_:nodeb58326f1e72a9146679bfb33df97f98,victorpest.com/deer-away-deer-repellent-ready-to-use-32-oz-vp,Weight,height,0.8333333333333334
_:nodeb58326f1e72a9146679bfb33df97f98,victorpest.com/deer-away-deer-repellent-ready-to-use-32-oz-vp,Height,height,1.0
_:node608cfee583e3d694df49c58b82802c1c,cascadehealthcaresolutions.com/urine-specimen-container-ur-assure-p/05002-00-mcfbx.htm,Memory Type,closure type,0.5
_:node33807ea982be82edab22fc28ce95eaa1,ontimesupplies.com/big568720003200-auto-scrubber-neutral-floor-cleaner-citrus-scent-50-tub,Weight,item weight,0.5454545454545454
_:node19eb46d7f433cfc2ebb6c7c072932c9,katom.com/044-BH1300SS,Storage Capacity,capacity,0.5
_:node19eb46d7f433cfc2ebb6c7c072932c9,katom.com/044-BH1300SS,Height,height,1.0
_:node19eb46d7f433cfc2ebb6c7c072932c9,katom.com/044-BH1300SS,Width,width,1.0
_:node19eb46d7f433cfc2ebb6c7c072932c9,katom.com/044-BH1300SS,Length,depth,0.5
_:node19eb46d7f433cfc2ebb6c7c072932c9,katom.com/044-BH1300SS,Warranty,warranty,1.0
_:node19eb46d7f433cfc2ebb6c7c072932c9,katom.com/044-BH1300SS,Height,weight,0.8333333333333334
_:node19eb46d7f433cfc2ebb6c7c072932c9,katom.com/044-BH1300SS,Weight,weight,1.0
_:node19eb46d7f433cfc2ebb6c7c072932c9,katom.com/044-BH1300SS,Battery Capacity,capacity,0.5
_:node19eb46d7f433cfc2ebb6c7c072932c9,katom.com/044-BH1300SS,Weight,height,0.8333333333333334
_:nodeb43b1cc92c82851c30a8f29e365,medicaleshop.com/kayserbetten-hannah-170-manual-articulation-homecare-bed,Weight,height,0.8333333333333334
_:nodeb43b1cc92c82851c30a8f29e365,medicaleshop.com/kayserbetten-hannah-170-manual-articulation-homecare-bed,Height,height,1.0
_:nodeb43b1cc92c82851c30a8f29e365,medicaleshop.com/kayserbetten-hannah-170-manual-articulation-homecare-bed,Height,door height,0.5454545454545454
_:nodeb43b1cc92c82851c30a8f29e365,medicaleshop.com/kayserbetten-hannah-170-manual-articulation-homecare-bed,Width,width,1.0
_:node4e5cf66f7dcfbe43365e3af8f348f11,emmabridgewater.co.uk/en/restofworld/fish/octopus-8-12-plate/invt/1she060063,Battery Capacity,capacity,0.5
_:node4e5cf66f7dcfbe43365e3af8f348f11,emmabridgewater.co.uk/en/restofworld/fish/octopus-8-12-plate/invt/1she060063,Storage Capacity,capacity,0.5
_:node4e5cf66f7dcfbe43365e3af8f348f11,emmabridgewater.co.uk/en/restofworld/fish/octopus-8-12-plate/invt/1she060063,Length,depth,0.5
_:node4e5cf66f7dcfbe43365e3af8f348f11,emmabridgewater.co.uk/en/restofworld/fish/octopus-8-12-plate/invt/1she060063,Cable Length,length,0.5
_:node4e5cf66f7dcfbe43365e3af8f348f11,emmabridgewater.co.uk/en/restofworld/fish/octopus-8-12-plate/invt/1she060063,Length,length,1.0
_:node17bdd8cf55d662f7add699f327ad6a,katom.com/144-20S800168,Cache Memory,category,0.5
_:node17bdd8cf55d662f7add699f327ad6a,katom.com/144-20S800168,Weight,weight,1.0
_:node17bdd8cf55d662f7add699f327ad6a,katom.com/144-20S800168,Height,weight,0.8333333333333334
_:node17bdd8cf55d662f7add699f327ad6a,katom.com/144-20S800168,Memory,category,0.5
_:node4fe21813bf26c3453179a6efdea3f,rewonline.com/restaurant-equipment-new/Advance-Tabco-FTG-24120-Drain-Floor-Trough/ADV-FTG-24120,Length,depth,0.5
_:node5cb2b486ad7810b0913d4da8fdf69a3f,ontimesupplies.com/honmt2472gncp-huddle-multipurpose-rectangular-top-72w-x-24d-harvest-black,Weight,item weight,0.5454545454545454
_:node3d3218ffbf3c36e8335e309fe1ab929c,accu.co.uk/en/slotted-spring-pins/10213-HSP-10-100-A2,Length,length (l),0.6
_:nodee38e4cfde5251239e80d7781fbd6eef,ontimesupplies.com/saf8932bl-adjustable-height-steel-av-cart-27-1-4w-x-18-1-4d-x-28-1-2-to-36-1-2h-black,Cable Length,cord length,0.6666666666666667
_:nodee38e4cfde5251239e80d7781fbd6eef,ontimesupplies.com/saf8932bl-adjustable-height-steel-av-cart-27-1-4w-x-18-1-4d-x-28-1-2-to-36-1-2h-black,Weight,item weight,0.5454545454545454
_:nodee38e4cfde5251239e80d7781fbd6eef,ontimesupplies.com/saf8932bl-adjustable-height-steel-av-cart-27-1-4w-x-18-1-4d-x-28-1-2-to-36-1-2h-black,Length,cord length,0.5454545454545454
_:nodeafa284b15eb8bb83442fecd7bffb9e2,katom.com/007-FGJ15800YL00,Weight,weight,1.0
_:nodeafa284b15eb8bb83442fecd7bffb9e2,katom.com/007-FGJ15800YL00,Height,weight,0.8333333333333334
_:nodeafa284b15eb8bb83442fecd7bffb9e2,katom.com/007-FGJ15800YL00,Width,width (in),0.5
_:node69839f7b13f034af94e89c169faff5,tracepartsonline.net/(S(1xbvnhwctogsswkfu0k5mu4g))/partdetails.aspx?partid=10-31052016-114041,Resolution,description,0.5454545454545454
_:node34c67d2480f7798af826e7d3119927cc,appliancesdirect.co.uk/p/eiqeh77fivezone/electriq-eiqeh77fivezone-5-zone-ceramic-hob-hob,Weight,height,0.8333333333333334
_:node34c67d2480f7798af826e7d3119927cc,appliancesdirect.co.uk/p/eiqeh77fivezone/electriq-eiqeh77fivezone-5-zone-ceramic-hob-hob,Width,width,1.0
_:node34c67d2480f7798af826e7d3119927cc,appliancesdirect.co.uk/p/eiqeh77fivezone/electriq-eiqeh77fivezone-5-zone-ceramic-hob-hob,Memory Type,hob type,0.5454545454545454
_:node34c67d2480f7798af826e7d3119927cc,appliancesdirect.co.uk/p/eiqeh77fivezone/electriq-eiqeh77fivezone-5-zone-ceramic-hob-hob,Height,height,1.0
_:node34c67d2480f7798af826e7d3119927cc,appliancesdirect.co.uk/p/eiqeh77fivezone/electriq-eiqeh77fivezone-5-zone-ceramic-hob-hob,Length,depth,0.5
_:node34c67d2480f7798af826e7d3119927cc,appliancesdirect.co.uk/p/eiqeh77fivezone/electriq-eiqeh77fivezone-5-zone-ceramic-hob-hob,Memory Type,energy type,0.6363636363636364
_:node34c67d2480f7798af826e7d3119927cc,appliancesdirect.co.uk/p/eiqeh77fivezone/electriq-eiqeh77fivezone-5-zone-ceramic-hob-hob,Screen Size,fuse size,0.5454545454545454
_:node34c67d2480f7798af826e7d3119927cc,appliancesdirect.co.uk/p/eiqeh77fivezone/electriq-eiqeh77fivezone-5-zone-ceramic-hob-hob,Warranty,warranty,1.0
_:nodef212b2de986f1f56b97e5040bd76,emmabridgewater.co.uk/en/uk/new-arrivals/oranges-french-bowl/invt/1ora010041,Weight,height,0.8333333333333334
_:nodef212b2de986f1f56b97e5040bd76,emmabridgewater.co.uk/en/uk/new-arrivals/oranges-french-bowl/invt/1ora010041,Length,length,1.0
_:nodef212b2de986f1f56b97e5040bd76,emmabridgewater.co.uk/en/uk/new-arrivals/oranges-french-bowl/invt/1ora010041,Storage Capacity,capacity,0.5
_:nodef212b2de986f1f56b97e5040bd76,emmabridgewater.co.uk/en/uk/new-arrivals/oranges-french-bowl/invt/1ora010041,Height,height,1.0
_:nodef212b2de986f1f56b97e5040bd76,emmabridgewater.co.uk/en/uk/new-arrivals/oranges-french-bowl/invt/1ora010041,Battery Capacity,capacity,0.5
_:nodef212b2de986f1f56b97e5040bd76,emmabridgewater.co.uk/en/uk/new-arrivals/oranges-french-bowl/invt/1ora010041,Cable Length,length,0.5
_:node80b530b8df34a083453a8f6c995e8e90,restockit.com/stout-brown-trash-bags-num-stog3344b11,Storage Capacity,capacity,0.5
_:node80b530b8df34a083453a8f6c995e8e90,restockit.com/stout-brown-trash-bags-num-stog3344b11,Battery Capacity,capacity,0.5
_:node80b530b8df34a083453a8f6c995e8e90,restockit.com/stout-brown-trash-bags-num-stog3344b11,Height,weight ,0.7142857142857143
_:node80b530b8df34a083453a8f6c995e8e90,restockit.com/stout-brown-trash-bags-num-stog3344b11,Weight,weight ,0.8571428571428572
_:nodea0d7f31cefee73b6747cd8a8bd4b562,accu.co.uk/en/internal-circlips/179895-HIC-45-A2-BL,Weight,weight,1.0
_:nodea0d7f31cefee73b6747cd8a8bd4b562,accu.co.uk/en/internal-circlips/179895-HIC-45-A2-BL,Height,weight,0.8333333333333334
_:node7fd4c1e029e81b73994f4109be054a5,tmart.com/Portable-Shoe-Rack-Shelf-Storage-Closet-Organizer-Cabinet-6-Layer-12-Grid-Grey_p334435,Height,weight,0.8333333333333334
_:node7fd4c1e029e81b73994f4109be054a5,tmart.com/Portable-Shoe-Rack-Shelf-Storage-Closet-Organizer-Cabinet-6-Layer-12-Grid-Grey_p334435,Weight,weight,1.0
_:node1b56c7ca748d593fba312e77a6ac13,canada.wedgwood.com/night-day-small-fluted-bowl,Width,width,1.0
_:node1b56c7ca748d593fba312e77a6ac13,canada.wedgwood.com/night-day-small-fluted-bowl,Length,depth,0.5
_:node1b56c7ca748d593fba312e77a6ac13,canada.wedgwood.com/night-day-small-fluted-bowl,Height,height,1.0
_:node1b56c7ca748d593fba312e77a6ac13,canada.wedgwood.com/night-day-small-fluted-bowl,Weight,height,0.8333333333333334
_:nodeab17b2e13c65a860f022f85bf8b969b,lords-electrical.co.uk/dishwashers/built-in/full-size/fully-integrated/993/bosch-smv68md00gb-integrated-dishwasher,Width,width,1.0
_:nodeab17b2e13c65a860f022f85bf8b969b,lords-electrical.co.uk/dishwashers/built-in/full-size/fully-integrated/993/bosch-smv68md00gb-integrated-dishwasher,Weight,height,0.8333333333333334
_:nodeab17b2e13c65a860f022f85bf8b969b,lords-electrical.co.uk/dishwashers/built-in/full-size/fully-integrated/993/bosch-smv68md00gb-integrated-dishwasher,Length,depth,0.5
_:nodeab17b2e13c65a860f022f85bf8b969b,lords-electrical.co.uk/dishwashers/built-in/full-size/fully-integrated/993/bosch-smv68md00gb-integrated-dishwasher,Memory Type,display type,0.5
_:nodeab17b2e13c65a860f022f85bf8b969b,lords-electrical.co.uk/dishwashers/built-in/full-size/fully-integrated/993/bosch-smv68md00gb-integrated-dishwasher,Height,height,1.0
_:node528be325241568f4e1fa175eb2419b7,usedfortmcmurray.com/classified-ad/Used-Canvas-Tents_25566541.lite,Cache Memory,category,0.5
_:node528be325241568f4e1fa175eb2419b7,usedfortmcmurray.com/classified-ad/Used-Canvas-Tents_25566541.lite,Memory,category,0.5
_:node70f9a19fa06e8aa15211e23081ac52e5,onegarden.co.uk/garden-buildings/garden-sheds/wooden-sheds/shire-pressure-treated-overlap-shed-10x7-with-double-doors,Height,eaves height,0.5
_:node70f9a19fa06e8aa15211e23081ac52e5,onegarden.co.uk/garden-buildings/garden-sheds/wooden-sheds/shire-pressure-treated-overlap-shed-10x7-with-double-doors,Width,door width,0.5
_:node70f9a19fa06e8aa15211e23081ac52e5,onegarden.co.uk/garden-buildings/garden-sheds/wooden-sheds/shire-pressure-treated-overlap-shed-10x7-with-double-doors,Height,ridge height,0.5
_:node70f9a19fa06e8aa15211e23081ac52e5,onegarden.co.uk/garden-buildings/garden-sheds/wooden-sheds/shire-pressure-treated-overlap-shed-10x7-with-double-doors,Height,door height,0.5454545454545454
_:node70f9a19fa06e8aa15211e23081ac52e5,onegarden.co.uk/garden-buildings/garden-sheds/wooden-sheds/shire-pressure-treated-overlap-shed-10x7-with-double-doors,Resolution,installation,0.5
_:node46defbc9c4bce6d32ef0522cff10,row.royalalbert.com/shop/gifts-for/birthdays/marvellous-mugs-love-you-mug,Storage Capacity,capacity,0.5
_:node46defbc9c4bce6d32ef0522cff10,row.royalalbert.com/shop/gifts-for/birthdays/marvellous-mugs-love-you-mug,Weight,height,0.8333333333333334
_:node46defbc9c4bce6d32ef0522cff10,row.royalalbert.com/shop/gifts-for/birthdays/marvellous-mugs-love-you-mug,Height,height,1.0
_:node46defbc9c4bce6d32ef0522cff10,row.royalalbert.com/shop/gifts-for/birthdays/marvellous-mugs-love-you-mug,Width,width,1.0
_:node46defbc9c4bce6d32ef0522cff10,row.royalalbert.com/shop/gifts-for/birthdays/marvellous-mugs-love-you-mug,Length,depth,0.5
_:node46defbc9c4bce6d32ef0522cff10,row.royalalbert.com/shop/gifts-for/birthdays/marvellous-mugs-love-you-mug,Battery Capacity,capacity,0.5
_:node46defbc9c4bce6d32ef0522cff10,row.royalalbert.com/shop/gifts-for/birthdays/marvellous-mugs-love-you-mug,Height,weight,0.8333333333333334
_:node46defbc9c4bce6d32ef0522cff10,row.royalalbert.com/shop/gifts-for/birthdays/marvellous-mugs-love-you-mug,Weight,weight,1.0
_:node27ceb884f8dc198b6a8367b6f87fbb9f,furniturelandsouth.com/shop-furniture/winston-furniture-company-inc-adjustable-chair-m62017,Cache Memory,category,0.5
_:node27ceb884f8dc198b6a8367b6f87fbb9f,furniturelandsouth.com/shop-furniture/winston-furniture-company-inc-adjustable-chair-m62017,Memory,category,0.5
_:nodeb73610fb6069775090efa5b1f714429,beyondstores.com/basset-mirror-omni-rectangular-cocktail-table-bmc-t2715-100,Resolution,promotion,0.5
_:node8ab459b1a8fe6dcec8584bdd6b91e484,lords-electrical.co.uk/cooking/freestanding/microwave/582/panasonic-nn-sf464mbpq-silver-microwave-oven,Power Supply,power levels,0.5833333333333333
_:node8ab459b1a8fe6dcec8584bdd6b91e484,lords-electrical.co.uk/cooking/freestanding/microwave/582/panasonic-nn-sf464mbpq-silver-microwave-oven,Width,width,1.0
_:node8ab459b1a8fe6dcec8584bdd6b91e484,lords-electrical.co.uk/cooking/freestanding/microwave/582/panasonic-nn-sf464mbpq-silver-microwave-oven,Height,height,1.0
_:node8ab459b1a8fe6dcec8584bdd6b91e484,lords-electrical.co.uk/cooking/freestanding/microwave/582/panasonic-nn-sf464mbpq-silver-microwave-oven,Length,depth,0.5
_:node8ab459b1a8fe6dcec8584bdd6b91e484,lords-electrical.co.uk/cooking/freestanding/microwave/582/panasonic-nn-sf464mbpq-silver-microwave-oven,Weight,height,0.8333333333333334
_:noded029b956c433ccbd9172cb2cec3b59a,lords-electrical.co.uk/refrigeration/freestanding/fridges/1134/hotpoint-rlaav22k1-larder-fridge,Height,height,1.0
_:noded029b956c433ccbd9172cb2cec3b59a,lords-electrical.co.uk/refrigeration/freestanding/fridges/1134/hotpoint-rlaav22k1-larder-fridge,Weight,height,0.8333333333333334
_:noded029b956c433ccbd9172cb2cec3b59a,lords-electrical.co.uk/refrigeration/freestanding/fridges/1134/hotpoint-rlaav22k1-larder-fridge,Length,depth,0.5
_:noded029b956c433ccbd9172cb2cec3b59a,lords-electrical.co.uk/refrigeration/freestanding/fridges/1134/hotpoint-rlaav22k1-larder-fridge,Width,width,1.0
_:nodea522646e0b1457dfe531a1ceb4585e,pbdtrio.com/product/1606165/,Screen Size,package size,0.5
_:nodea522646e0b1457dfe531a1ceb4585e,pbdtrio.com/product/1606165/,Screen Size,item size,0.5454545454545454
_:nodea522646e0b1457dfe531a1ceb4585e,pbdtrio.com/product/1606165/,Weight,item weight,0.5454545454545454
_:node82509c8a6acc8b2db081bfa3f7526168,restockit.com/tiffany-office-furniture-sierra-cherry-veneer-boat-shaped-table-top-num-tifct120tcry,Height,weight ,0.7142857142857143
_:node82509c8a6acc8b2db081bfa3f7526168,restockit.com/tiffany-office-furniture-sierra-cherry-veneer-boat-shaped-table-top-num-tifct120tcry,Weight,weight ,0.8571428571428572
_:nodee8ad1142fc96e9e574527fabf7f01250,ontimesupplies.com/hon10799cc-10700-double-pedestal-desk-w-full-height-pedestals-72w-x-36d-x-29-1-2h-harvest,Weight,item weight,0.5454545454545454
_:node9f58305ef58bbad8dc97c7c2ce658b8,furniturelandsouth.com/shop-furniture/phillips-collection-silver-leaf-log-side-table-ph56281,Cache Memory,category,0.5
_:node9f58305ef58bbad8dc97c7c2ce658b8,furniturelandsouth.com/shop-furniture/phillips-collection-silver-leaf-log-side-table-ph56281,Memory,category,0.5
_:nodee7165a8be30d0d85d3a5c78401e96d3,abt.com/product/32408/GE-White-High-Efficiency-Electric-Dryer-DPGT650EHWW?tab=1,Memory Type,control type,0.5
_:nodee7165a8be30d0d85d3a5c78401e96d3,abt.com/product/32408/GE-White-High-Efficiency-Electric-Dryer-DPGT650EHWW?tab=1,Output Voltage,voltage,0.5
_:nodee7165a8be30d0d85d3a5c78401e96d3,abt.com/product/32408/GE-White-High-Efficiency-Electric-Dryer-DPGT650EHWW?tab=1,Warranty,parts warranty,0.5714285714285714
_:nodee7165a8be30d0d85d3a5c78401e96d3,abt.com/product/32408/GE-White-High-Efficiency-Electric-Dryer-DPGT650EHWW?tab=1,Warranty,labor warranty,0.5714285714285714
_:node7f8ff5c41a2675afc8efc61a5a4c8d1,ontimesupplies.com/big5722102020ct-basin-tub-and-tile-cleaner-ocean-scent-4-oz-packets-20-jar-12-jar-carton,Weight,item weight,0.5454545454545454
_:node37fda64543dcb9dc8e4f4a692f5a06f,lords-electrical.co.uk/refrigeration/freestanding/fridge-freezers/245/bosch-kgn36vw35g-no-frost-fridge-freezer-in-white,Height,height,1.0
_:node37fda64543dcb9dc8e4f4a692f5a06f,lords-electrical.co.uk/refrigeration/freestanding/fridge-freezers/245/bosch-kgn36vw35g-no-frost-fridge-freezer-in-white,Width,width,1.0
_:node37fda64543dcb9dc8e4f4a692f5a06f,lords-electrical.co.uk/refrigeration/freestanding/fridge-freezers/245/bosch-kgn36vw35g-no-frost-fridge-freezer-in-white,Memory Type,defrost type,0.5833333333333333
_:node37fda64543dcb9dc8e4f4a692f5a06f,lords-electrical.co.uk/refrigeration/freestanding/fridge-freezers/245/bosch-kgn36vw35g-no-frost-fridge-freezer-in-white,Length,depth,0.5
_:node37fda64543dcb9dc8e4f4a692f5a06f,lords-electrical.co.uk/refrigeration/freestanding/fridge-freezers/245/bosch-kgn36vw35g-no-frost-fridge-freezer-in-white,Weight,height,0.8333333333333334
_:nodee94d19614c6d629aa3a895e63c191b9,lords-electrical.co.uk/cooking/built-in/electric-ovens/928/bosch-cbg675bs1b-compact-oven,Length,depth,0.5
_:nodee94d19614c6d629aa3a895e63c191b9,lords-electrical.co.uk/cooking/built-in/electric-ovens/928/bosch-cbg675bs1b-compact-oven,Height,weight,0.8333333333333334
_:nodee94d19614c6d629aa3a895e63c191b9,lords-electrical.co.uk/cooking/built-in/electric-ovens/928/bosch-cbg675bs1b-compact-oven,Weight,height,0.8333333333333334
_:nodee94d19614c6d629aa3a895e63c191b9,lords-electrical.co.uk/cooking/built-in/electric-ovens/928/bosch-cbg675bs1b-compact-oven,Weight,weight,1.0
_:nodee94d19614c6d629aa3a895e63c191b9,lords-electrical.co.uk/cooking/built-in/electric-ovens/928/bosch-cbg675bs1b-compact-oven,Width,width,1.0
_:nodee94d19614c6d629aa3a895e63c191b9,lords-electrical.co.uk/cooking/built-in/electric-ovens/928/bosch-cbg675bs1b-compact-oven,Height,height,1.0
_:nodee94d19614c6d629aa3a895e63c191b9,lords-electrical.co.uk/cooking/built-in/electric-ovens/928/bosch-cbg675bs1b-compact-oven,Memory Type,control type,0.5
_:nodea8b72299409dfe9daa6f9adf025e3d0,abt.com/product/18381/GE-Side-By-Side-Refrigerator-In-Black-GSH25JFXBB,Memory Type,defrost type,0.5833333333333333
_:noded588e3fc3d9cad4c8acaca5235fff7b,katom.com/044-C1030SW32,Weight,weight,1.0
_:noded588e3fc3d9cad4c8acaca5235fff7b,katom.com/044-C1030SW32,Height,weight,0.8333333333333334
_:noded588e3fc3d9cad4c8acaca5235fff7b,katom.com/044-C1030SW32,Width,width (in),0.5
_:noded588e3fc3d9cad4c8acaca5235fff7b,katom.com/044-C1030SW32,Height,height (in),0.5454545454545454
_:noded588e3fc3d9cad4c8acaca5235fff7b,katom.com/044-C1030SW32,Output Voltage,voltage,0.5
_:noded588e3fc3d9cad4c8acaca5235fff7b,katom.com/044-C1030SW32,Warranty,warranty,1.0
_:noded588e3fc3d9cad4c8acaca5235fff7b,katom.com/044-C1030SW32,Memory Type,compressor type,0.5333333333333333
_:noded614e8f1bfcb91a43754c65c8134e5c3,ontimesupplies.com/mllegddf030804-ecoguard-diamond-floor-mat-double-fan-36-x-96-charcoal,Width,width,1.0
_:noded614e8f1bfcb91a43754c65c8134e5c3,ontimesupplies.com/mllegddf030804-ecoguard-diamond-floor-mat-double-fan-36-x-96-charcoal,Cable Length,length,0.5
_:noded614e8f1bfcb91a43754c65c8134e5c3,ontimesupplies.com/mllegddf030804-ecoguard-diamond-floor-mat-double-fan-36-x-96-charcoal,Length,length,1.0
_:noded614e8f1bfcb91a43754c65c8134e5c3,ontimesupplies.com/mllegddf030804-ecoguard-diamond-floor-mat-double-fan-36-x-96-charcoal,Weight,item weight,0.5454545454545454
_:noded614e8f1bfcb91a43754c65c8134e5c3,ontimesupplies.com/mllegddf030804-ecoguard-diamond-floor-mat-double-fan-36-x-96-charcoal,Memory Type,mat type,0.5454545454545454
_:node73c880816c858bc636cce9c33fbafb94,ontimesupplies.com/rcp9w34bla-infinity-ultra-high-capacity-67-gallon-smoking-urn-weighted-base-black,Weight,item weight,0.5454545454545454
_:node9b7143715f35eb3db920ff3c7ef85ec1,furniturelandsouth.com/shop-furniture/century-furniture-dixon-arm-chair-3496a,Memory,category,0.5
_:node9b7143715f35eb3db920ff3c7ef85ec1,furniturelandsouth.com/shop-furniture/century-furniture-dixon-arm-chair-3496a,Cache Memory,category,0.5
_:nodeb73021f457ff6daafff93ff830c1e26c,rewonline.com/restaurant-equipment-new/Accutemp-S62403D110-Steamer-Convection-Countertop/ACC-S62403D110,Storage Capacity,pan capacity,0.625
_:nodeb73021f457ff6daafff93ff830c1e26c,rewonline.com/restaurant-equipment-new/Accutemp-S62403D110-Steamer-Convection-Countertop/ACC-S62403D110,Battery Capacity,pan capacity,0.625
_:node479f9d5e2eebc93457fc0e035474262,katom.com/087-S62081D060,Weight,weight,1.0
_:node479f9d5e2eebc93457fc0e035474262,katom.com/087-S62081D060,Storage Capacity,pan capacity,0.625
_:node479f9d5e2eebc93457fc0e035474262,katom.com/087-S62081D060,Height,weight,0.8333333333333334
_:node479f9d5e2eebc93457fc0e035474262,katom.com/087-S62081D060,Output Voltage,voltage,0.5
_:node479f9d5e2eebc93457fc0e035474262,katom.com/087-S62081D060,Battery Capacity,pan capacity,0.625
_:node479f9d5e2eebc93457fc0e035474262,katom.com/087-S62081D060,Warranty,warranty,1.0
_:node479f9d5e2eebc93457fc0e035474262,katom.com/087-S62081D060,Width,width (in),0.5
_:node479f9d5e2eebc93457fc0e035474262,katom.com/087-S62081D060,Height,height (in),0.5454545454545454
_:node479f9d5e2eebc93457fc0e035474262,katom.com/087-S62081D060,Height,heat,0.5
_:node22429f1115ba93d41476355bf58c1633,culinarydepotinc.com/accutemp-s62081d060-steamnhold-boilerless-convection-steamer,Storage Capacity,pan / tray size capacity,0.5
_:node22429f1115ba93d41476355bf58c1633,culinarydepotinc.com/accutemp-s62081d060-steamnhold-boilerless-convection-steamer,Battery Capacity,pan / tray size capacity,0.5
_:node22429f1115ba93d41476355bf58c1633,culinarydepotinc.com/accutemp-s62081d060-steamnhold-boilerless-convection-steamer,Height,weight,0.8333333333333334
_:node22429f1115ba93d41476355bf58c1633,culinarydepotinc.com/accutemp-s62081d060-steamnhold-boilerless-convection-steamer,Weight,weight,1.0
_:nodebf3de8925e3a1af1da4bd913b63e7441,katom.com/087-S62403D110,Weight,weight,1.0
_:nodebf3de8925e3a1af1da4bd913b63e7441,katom.com/087-S62403D110,Battery Capacity,pan capacity,0.625
_:nodebf3de8925e3a1af1da4bd913b63e7441,katom.com/087-S62403D110,Height,heat,0.5
_:nodebf3de8925e3a1af1da4bd913b63e7441,katom.com/087-S62403D110,Storage Capacity,pan capacity,0.625
_:nodebf3de8925e3a1af1da4bd913b63e7441,katom.com/087-S62403D110,Height,weight,0.8333333333333334
_:nodebf3de8925e3a1af1da4bd913b63e7441,katom.com/087-S62403D110,Height,height (in),0.5454545454545454
_:nodebf3de8925e3a1af1da4bd913b63e7441,katom.com/087-S62403D110,Width,width (in),0.5
_:nodebf3de8925e3a1af1da4bd913b63e7441,katom.com/087-S62403D110,Output Voltage,voltage,0.5
_:nodebf3de8925e3a1af1da4bd913b63e7441,katom.com/087-S62403D110,Warranty,warranty,1.0
_:node717e75acf19fdce6d0cda299d32a85e9,icemachinesplus.com/scotsman-c0830mr-32a/,Height,ship weight,0.5454545454545454
_:node717e75acf19fdce6d0cda299d32a85e9,icemachinesplus.com/scotsman-c0830mr-32a/,Output Voltage,voltage,0.5
_:node717e75acf19fdce6d0cda299d32a85e9,icemachinesplus.com/scotsman-c0830mr-32a/,Weight,ship weight,0.5454545454545454
_:node717e75acf19fdce6d0cda299d32a85e9,icemachinesplus.com/scotsman-c0830mr-32a/,Power Supply,power usage,0.5833333333333333
_:nodebfc44fd19af7c493987ddd11db785f0,culinarydepotinc.com/accutemp-s62403d110-steamnhold-boilerless-convection-steamer,Weight,weight,1.0
_:nodebfc44fd19af7c493987ddd11db785f0,culinarydepotinc.com/accutemp-s62403d110-steamnhold-boilerless-convection-steamer,Height,weight,0.8333333333333334
_:nodebfc44fd19af7c493987ddd11db785f0,culinarydepotinc.com/accutemp-s62403d110-steamnhold-boilerless-convection-steamer,Storage Capacity,pan / tray size capacity,0.5
_:nodebfc44fd19af7c493987ddd11db785f0,culinarydepotinc.com/accutemp-s62403d110-steamnhold-boilerless-convection-steamer,Battery Capacity,pan / tray size capacity,0.5
_:node5f2d1af7ff51b826649c15c82d668a45,katom.com/044-C0830MR32A,Output Voltage,voltage,0.5
_:node5f2d1af7ff51b826649c15c82d668a45,katom.com/044-C0830MR32A,Height,height (in),0.5454545454545454
_:node5f2d1af7ff51b826649c15c82d668a45,katom.com/044-C0830MR32A,Warranty,warranty,1.0
_:node5f2d1af7ff51b826649c15c82d668a45,katom.com/044-C0830MR32A,Weight,weight,1.0
_:node5f2d1af7ff51b826649c15c82d668a45,katom.com/044-C0830MR32A,Height,weight,0.8333333333333334
_:node5f2d1af7ff51b826649c15c82d668a45,katom.com/044-C0830MR32A,Width,width (in),0.5
_:node5f2d1af7ff51b826649c15c82d668a45,katom.com/044-C0830MR32A,Resolution,production,0.5
_:node5f2d1af7ff51b826649c15c82d668a45,katom.com/044-C0830MR32A,Memory Type,compressor type,0.5333333333333333
_:node225713c6484f43d4660f4b271f93a,rewonline.com/es/restaurant-equipment-new/Accutemp-S62081D060-Steamer-Convection-Countertop/ACC-S62081D060,Warranty,fabricante,0.5
_:node225713c6484f43d4660f4b271f93a,rewonline.com/es/restaurant-equipment-new/Accutemp-S62081D060-Steamer-Convection-Countertop/ACC-S62081D060,Battery Capacity,pan capacity,0.625
_:node225713c6484f43d4660f4b271f93a,rewonline.com/es/restaurant-equipment-new/Accutemp-S62081D060-Steamer-Convection-Countertop/ACC-S62081D060,Storage Capacity,pan capacity,0.625
_:noded4c5bbc16a8fcccb38a16e28b345e728,rewonline.com/es/restaurant-equipment-new/Accutemp-S62403D110-Steamer-Convection-Countertop/ACC-S62403D110,Battery Capacity,pan capacity,0.625
_:noded4c5bbc16a8fcccb38a16e28b345e728,rewonline.com/es/restaurant-equipment-new/Accutemp-S62403D110-Steamer-Convection-Countertop/ACC-S62403D110,Storage Capacity,pan capacity,0.625
_:noded4c5bbc16a8fcccb38a16e28b345e728,rewonline.com/es/restaurant-equipment-new/Accutemp-S62403D110-Steamer-Convection-Countertop/ACC-S62403D110,Warranty,fabricante,0.5
_:nodeb73021f457ff6daafff93ff830c1e26c,rewonline.com/restaurant-equipment-new/Accutemp-S62403D110-Steamer-Convection-Countertop/ACC-S62403D110,Storage Capacity,pan capacity,0.625
_:nodeb73021f457ff6daafff93ff830c1e26c,rewonline.com/restaurant-equipment-new/Accutemp-S62403D110-Steamer-Convection-Countertop/ACC-S62403D110,Battery Capacity,pan capacity,0.625
_:nodee2dd8bbc7cf3c84fcf9cf3939912e6e,rewonline.com/es/restaurant-equipment-new/Cocedor-a-Vapor-de-Convecci-n-para-Encimera/ACC-S62403D110,Storage Capacity,pan capacity,0.625
_:nodee2dd8bbc7cf3c84fcf9cf3939912e6e,rewonline.com/es/restaurant-equipment-new/Cocedor-a-Vapor-de-Convecci-n-para-Encimera/ACC-S62403D110,Warranty,fabricante,0.5
_:nodee2dd8bbc7cf3c84fcf9cf3939912e6e,rewonline.com/es/restaurant-equipment-new/Cocedor-a-Vapor-de-Convecci-n-para-Encimera/ACC-S62403D110,Battery Capacity,pan capacity,0.625
_:node77425a7b4bdd5bf573c662b79821354,rewonline.com/restaurant-equipment-new/Accutemp-S62081D060-Steamer-Convection-Countertop/ACC-S62081D060,Storage Capacity,pan capacity,0.625
_:node77425a7b4bdd5bf573c662b79821354,rewonline.com/restaurant-equipment-new/Accutemp-S62081D060-Steamer-Convection-Countertop/ACC-S62081D060,Battery Capacity,pan capacity,0.625
_:node4e5f3cd2fc1f38a7f23c7a4b1c659fd,ontimesupplies.com/rcp450088bk-heavy-duty-utility-cart-2-shelf-17-7-8w-x-39-1-4d-x-33-1-4h-black,Weight,item weight,0.5454545454545454
_:node4e5f3cd2fc1f38a7f23c7a4b1c659fd,ontimesupplies.com/rcp450088bk-heavy-duty-utility-cart-2-shelf-17-7-8w-x-39-1-4d-x-33-1-4h-black,Screen Size,folded size,0.5454545454545454
_:noded02851ae269e458e8bb5d064e699f247,ontimesupplies.com/saf4053nc-stow-away-platform-truck-900lb-capacity-24-x-35-1-4-aluminum-black,Length,length (in),0.5454545454545454
_:noded02851ae269e458e8bb5d064e699f247,ontimesupplies.com/saf4053nc-stow-away-platform-truck-900lb-capacity-24-x-35-1-4-aluminum-black,Weight,weight,1.0
_:noded02851ae269e458e8bb5d064e699f247,ontimesupplies.com/saf4053nc-stow-away-platform-truck-900lb-capacity-24-x-35-1-4-aluminum-black,Memory Type,ledge type,0.5454545454545454
_:noded02851ae269e458e8bb5d064e699f247,ontimesupplies.com/saf4053nc-stow-away-platform-truck-900lb-capacity-24-x-35-1-4-aluminum-black,Width,width (in),0.5
_:noded02851ae269e458e8bb5d064e699f247,ontimesupplies.com/saf4053nc-stow-away-platform-truck-900lb-capacity-24-x-35-1-4-aluminum-black,Height,weight,0.8333333333333334
_:noded02851ae269e458e8bb5d064e699f247,ontimesupplies.com/saf4053nc-stow-away-platform-truck-900lb-capacity-24-x-35-1-4-aluminum-black,Height,height (in),0.5454545454545454
_:node76fa76ada346df15d5fc2941106bcc3,katom.com/007-342488BK,Resolution,construction,0.5
_:nodedfacd11d11dd434d466682922b5725,rewonline.com/restaurant-equipment-new/Rubbermaid-FG342488BLA-Utility-Cart/RUB-FG342488BLA,Weight,weight,1.0
_:nodedfacd11d11dd434d466682922b5725,rewonline.com/restaurant-equipment-new/Rubbermaid-FG342488BLA-Utility-Cart/RUB-FG342488BLA,Height,weight,0.8333333333333334
_:nodedfacd11d11dd434d466682922b5725,rewonline.com/restaurant-equipment-new/Rubbermaid-FG342488BLA-Utility-Cart/RUB-FG342488BLA,Battery Capacity,pan / tray size capacity,0.5
_:nodedfacd11d11dd434d466682922b5725,rewonline.com/restaurant-equipment-new/Rubbermaid-FG342488BLA-Utility-Cart/RUB-FG342488BLA,Storage Capacity,pan / tray size capacity,0.5
_:noded5c44598c0fcd53bd896fd32d403998,culinarydepotinc.com/accutemp-s62403d130-steamnhold-boilerless-convection-steamer,Storage Capacity,pan capacity,0.625
_:noded5c44598c0fcd53bd896fd32d403998,culinarydepotinc.com/accutemp-s62403d130-steamnhold-boilerless-convection-steamer,Battery Capacity,pan capacity,0.625
_:node1de6b6be5c160192bbb239760825091,rewonline.com/restaurant-equipment-new/Accutemp-S62403D130-Steamer-Convection-Countertop/ACC-S62403D130,Battery Capacity,pan capacity,0.625
_:node1de6b6be5c160192bbb239760825091,rewonline.com/restaurant-equipment-new/Accutemp-S62403D130-Steamer-Convection-Countertop/ACC-S62403D130,Storage Capacity,pan capacity,0.625
_:node40f9ab5cdd91d544e9a4af09da5fb17,katom.com/087-S62403D130,Output Voltage,voltage,0.5
_:node40f9ab5cdd91d544e9a4af09da5fb17,katom.com/087-S62403D130,Weight,weight,1.0
_:node40f9ab5cdd91d544e9a4af09da5fb17,katom.com/087-S62403D130,Height,weight,0.8333333333333334
_:node40f9ab5cdd91d544e9a4af09da5fb17,katom.com/087-S62403D130,Height,height (in),0.5454545454545454
_:node40f9ab5cdd91d544e9a4af09da5fb17,katom.com/087-S62403D130,Warranty,warranty,1.0
_:node40f9ab5cdd91d544e9a4af09da5fb17,katom.com/087-S62403D130,Storage Capacity,pan capacity,0.625
_:node40f9ab5cdd91d544e9a4af09da5fb17,katom.com/087-S62403D130,Width,width (in),0.5
_:node40f9ab5cdd91d544e9a4af09da5fb17,katom.com/087-S62403D130,Height,heat,0.5
_:node40f9ab5cdd91d544e9a4af09da5fb17,katom.com/087-S62403D130,Battery Capacity,pan capacity,0.625
_:nodeb2b5274b673ea319a6e15120a0a926e,culinarydepotinc.com/advance-tabco-94-1-24-24rl-regaline-sink,Height,weight,0.8333333333333334
_:nodeb2b5274b673ea319a6e15120a0a926e,culinarydepotinc.com/advance-tabco-94-1-24-24rl-regaline-sink,Weight,weight,1.0
_:nodefc4fbbe9c99f15ba52ad274b93d9dd4b,katom.com/009-9412424RL,Cable Length,drainboard length,0.5294117647058824
_:nodefc4fbbe9c99f15ba52ad274b93d9dd4b,katom.com/009-9412424RL,Weight,weight,1.0
_:nodefc4fbbe9c99f15ba52ad274b93d9dd4b,katom.com/009-9412424RL,Height,weight,0.8333333333333334
_:node1b4f017adba1b5ac4087e29bd22058,culinarydepotinc.com/advance-tabco-9-41-24-36r-regaline-sink,Height,weight,0.8333333333333334
_:node1b4f017adba1b5ac4087e29bd22058,culinarydepotinc.com/advance-tabco-9-41-24-36r-regaline-sink,Weight,weight,1.0
_:nodef1b2fe66acae44186bb1b3ca943925,katom.com/009-9412436R,Height,weight,0.8333333333333334
_:nodef1b2fe66acae44186bb1b3ca943925,katom.com/009-9412436R,Cable Length,drainboard length,0.5294117647058824
_:nodef1b2fe66acae44186bb1b3ca943925,katom.com/009-9412436R,Weight,weight,1.0
